Date,Bid Strategy Status,Bid strategy,Bid strategy type,System Status,Account,Campaigns,Currency code,Target CPA,Avg. Target CPA,Actual CPA,Cost / conv.,Cost (Converted currency) / conv.,Cost,Cost (Converted currency),Conversions,Conv. rate,Converted currency code
"February 22, 2026 - February 28, 2026",Enabled,NTB - Northeast - Maximize Conversion - Non-Brand - Auto Service,Maximize Conversions,Active,NTB,1,USD,4.2,5.12,4.81,4.81,4.81,1766.81,1766.81,367.13,0.4021,USD
"February 22, 2026 - February 28, 2026",Enabled,zz_MAVIS - Louisiana - Maximize Conversions (tCPA) - Non-Brand - Exact,Maximize Conversions,Inactive,Mavis Discount Tire,0,USD, --,0,0,0,0,0,0,0,0,USD
"February 22, 2026 - February 28, 2026",Enabled,NTB - Midwest - Maximize Conversions Non-Brand - Oil Change,Target CPA,Active,NTB,1,USD,7,7,8.48,8.48,8.48,531.62,531.62,62.66,0.2915,USD
"February 22, 2026 - February 28, 2026",Enabled,BP - TEXAS - Maximize Conversions - Non-Brand - New Stores,Maximize Conversions,Active,Mavis Tire Express Services MCC,3,USD,9.5,9.5,11.5,11.5,11.5,23,23,2,0.25,USD
"February 22, 2026 - February 28, 2026",Enabled,AGT 2 - Florida - Maximize Conversions - Brand,Maximize Conversions,Limited (budget constrained),Mavis Discount Tire,4,USD,5.79,6.16,8.47,8.47,8.47,327.55,327.55,38.65,0.3753,USD
"February 22, 2026 - February 28, 2026",Enabled,MAVIS - New York - West Central - Maximize Conversions - Non-Brand - New Stores,Maximize Conversions,Inactive,Mavis Tire Express Services MCC,1,USD,6.52,0,0,0,0,0,0,0,0,USD
"February 22, 2026 - February 28, 2026",Enabled,MAVIS - South Carolina - Maximize Conversions - Trademark - Exact,Maximize Conversions,Inactive,Mavis Discount Tire,1,USD,5.12,0,0,0,0,0,0,0,0,USD
"February 22, 2026 - February 28, 2026",Enabled,MAVIS - Georgia - Southern - Maximize Conversions - Brand - Exact,Maximize Conversions,Inactive,Mavis Discount Tire,6,USD,7.68,0,0,0,0,0,0,0,0,USD
"February 22, 2026 - February 28, 2026",Enabled,MAVIS - South Carolinas 2 - Maximize Conversions - Brand,Maximize Conversions,Limited (budget constrained),Mavis Discount Tire,4,USD,3.5,3.97,4.48,4.48,4.48,14014.15,14014.15,3126.94,0.3727,USD
"February 22, 2026 - February 28, 2026",Enabled,MAVIS - North Carolinas 2 - Maximize Conversions - Competitors,Maximize Conversions,Limited (budget constrained),Mavis Discount Tire,4,USD,3.61,3.78,4.31,4.31,4.31,1190.14,1190.14,275.83,0.3702,USD
"February 22, 2026 - February 28, 2026",Enabled,Top of Page,Target search page location,Active,Tire Kingdom,0,USD, --,0,0,0,0,0,0,0,0,USD
"February 22, 2026 - February 28, 2026",Enabled,MAVIS - TEXAS - Maximize Conversions - Non-Brand - Auto Service,Maximize Conversions,Active,Mavis Discount Tire,1,USD,6,6.82,8.1,8.1,8.1,531.58,531.58,65.66,0.2806,USD
"February 22, 2026 - February 28, 2026",Enabled,Central Eastern - BR,Maximize Conversions,Inactive,Express Oil Change & Tire Engineers,0,USD,12.93,0,0,0,0,0,0,0,0,USD
"February 22, 2026 - February 28, 2026",Enabled,MELVIN - Rhode Island - Maximize Conversions (tCPA) - Trademark - Exact,Maximize Conversions,Inactive,Mavis Discount Tire,1,USD,6.4,0,0,0,0,0,0,0,0,USD
"February 22, 2026 - February 28, 2026",Enabled,MAVIS - Florida - Maximize Conversions - Brand - Exact,Maximize Conversions,Inactive,Mavis Discount Tire,6,USD,7.68,0,0,0,0,0,0,0,0,USD
"February 22, 2026 - February 28, 2026",Enabled,MAVIS - FLORIDA - Maximize Conversions - Non-Brand - New Stores,Maximize Conversions,Active,Mavis Tire Express Services MCC,3,USD,6,6.35,9.79,9.79,9.79,122.37,122.37,12.5,0.2604,USD
"February 22, 2026 - February 28, 2026",Enabled,MAVIS - New York - Central - Maximize Conversions - Non-Brand - Services,Maximize Conversions,Inactive,Mavis Discount Tire,10,USD,16,0,0,0,0,0,0,0,0,USD
"February 22, 2026 - February 28, 2026",Enabled,MAVIS - New York - NYC Boroughs - Maximize Conversions - Brand - Exact,Maximize Conversions,Inactive,Mavis Discount Tire,7,USD,7,0,0,0,0,0,0,0,0,USD
"February 22, 2026 - February 28, 2026",Enabled,MAVIS - Georgia 2 - Maximize Conversions - Brand,Maximize Conversions,Limited (budget constrained),Mavis Discount Tire,10,USD,2,2.9,3.4,3.4,3.4,21434.5,21434.5,6296.62,0.4213,USD
"February 22, 2026 - February 28, 2026",Enabled,MAVIS - Louisiana - Maximize Conversions - Trademark - Exact,Maximize Conversions,Inactive,Mavis Discount Tire,1,USD,5.12,0,0,0,0,0,0,0,0,USD
"February 22, 2026 - February 28, 2026",Enabled,MAVIS - Illinois 2 - Maximize Conversions - Non-Brand - Auto Service,Maximize Conversions,Limited (budget constrained),Mavis Discount Tire,1,USD,4.5,4.75,5.25,5.25,5.25,425.25,425.25,81,0.3665,USD
"February 22, 2026 - February 28, 2026",Enabled,NTB - Midwest - Maximize Conversion - Non-Brand - Brakes,Maximize Conversions,Active,NTB,2,USD,8,8,9.25,9.25,9.25,1013.27,1013.27,109.58,0.266,USD
"February 22, 2026 - February 28, 2026",Enabled,BP - Maximize Conversion - New Stores,Maximize Conversions,Inactive,Brakes Plus,5,USD,15,0,0,0,0,0,0,0,0,USD
"February 22, 2026 - February 28, 2026",Enabled,EOC Central Eastern - Maximize Conversion - Non Brand _PP 1124_TN,Maximize Conversions,Inactive,Express Oil Change & Tire Engineers,3,USD,9.7,0,0,0,0,0,0,0,0,USD
"February 22, 2026 - February 28, 2026",Enabled,MAVIS - New York - Hudson Valley - Maximize Conversions - Non-Brand - Auto Service,Maximize Conversions,Limited (budget constrained),Mavis Discount Tire,1,USD,3,3,5.36,5.36,5.36,192.5,192.5,35.92,0.2897,USD
"February 22, 2026 - February 28, 2026",Enabled,MAVIS - North Carolinas 2 - Maximize Conversions - Non-Brand - Services,Maximize Conversions,Limited (budget constrained),Mavis Discount Tire,4,USD,4.04,4.18,5.06,5.06,5.06,2640.81,2640.81,521.88,0.3326,USD
"February 22, 2026 - February 28, 2026",Enabled,Mavis - UPS - Maximize Conversions - Carolinas,Target CPA,Inactive,Mavis Discount Tire,0,USD,15,0,0,0,0,0,0,0,0,USD
"February 22, 2026 - February 28, 2026",Enabled,MAVIS - Georgia - Greater Atlanta - Maximize Conversions - Trademark - Phrase,Maximize Conversions,Inactive,Mavis Discount Tire,1,USD,7.68,0,0,0,0,0,0,0,0,USD
"February 22, 2026 - February 28, 2026",Enabled,Southwest - BR - Adobe,Maximize Conversions,Inactive,Brakes Plus,12,USD,11,0,0,0,0,0,0,0,0,USD
"February 22, 2026 - February 28, 2026",Enabled,BP - Arizona - Maximize Conversion - Non Brand - Wheel Alignment,Maximize Conversions,Active,Brakes Plus,1,USD,7.8,7.97,10.09,10.09,10.09,1173.03,1173.03,116.3,0.2373,USD
"February 22, 2026 - February 28, 2026",Enabled,TUF - Illinois - Maximize Conversions (tCPA) - Brand - Exact,Maximize Conversions,Inactive,Mavis Discount Tire,3,USD,9.6,0,0,0,0,0,0,0,0,USD
"February 22, 2026 - February 28, 2026",Enabled,ADT - New York - Maximize Conversions - Non-Brand - Tires,Maximize Conversions,Active,Mavis Tire Express Services MCC,1,USD,7.5,7.5,8.17,8.17,8.17,1797.66,1797.66,219.96,0.3034,USD
"February 22, 2026 - February 28, 2026",Enabled,NTB - Virginias - Maximize Conversion - Non-Brand - Tires,Maximize Conversions,Active,NTB,5,USD,4.6,4.6,4.49,4.49,4.49,8793.14,8793.14,1959.1,0.3988,USD
"February 22, 2026 - February 28, 2026",Enabled,EOC - Southern - Maximize Conversion - Non Brand - Brakes,Maximize Conversions,Active,Express Oil Change & Tire Engineers,1,USD,5.5,5.5,5.96,5.96,5.96,623.11,623.11,104.55,0.2888,USD
"February 22, 2026 - February 28, 2026",Enabled,NTB - Texas - Maximize Conversion - Non-Brand - Tires,Maximize Conversions,Limited (budget constrained),NTB,4,USD,5.8,6.74,6.3,6.3,6.3,6600.85,6600.85,1047.92,0.2747,USD
"February 22, 2026 - February 28, 2026",Enabled,MAVIS - TEXAS - Maximize Conversions Non-Brand - Oil Change,Target CPA,Active,Mavis Discount Tire,1,USD,6,7.11,7.82,7.82,7.82,1120.57,1120.57,143.24,0.2876,USD
"February 22, 2026 - February 28, 2026",Enabled,TUF - Carolinas - Maximize Conversions (tCPA) - Non-Brand - Services,Maximize Conversions,Inactive,Mavis Discount Tire,10,USD,20,0,0,0,0,0,0,0,0,USD
"February 22, 2026 - February 28, 2026",Enabled,Miami FL | NB - Tires by Name - B - Enhanced CPC,Enhanced CPC,Inactive,Tire Kingdom,0,USD, --,0,0,0,0,0,0,0,0,USD
"February 22, 2026 - February 28, 2026",Enabled,AGT 2 - Florida - Maximize Conversions - Non-Brand - Brakes,Maximize Conversions,Inactive,Mavis Discount Tire,0,USD,16,0,0,0,0,0,0,0,0,USD
"February 22, 2026 - February 28, 2026",Enabled,MAVIS - Mississippi - Maximize Conversions - Non-Brand - Services,Maximize Conversions,Inactive,Mavis Discount Tire,8,USD,20.48,0,0,0,0,0,0,0,0,USD
"February 22, 2026 - February 28, 2026",Enabled,MAVIS - South Carolinas 2 - Maximize Conversions - Competitors,Maximize Conversions,Limited (budget constrained),Mavis Discount Tire,4,USD,3.3,3.72,4.64,4.64,4.64,897.89,897.89,193.6,0.3391,USD
"February 22, 2026 - February 28, 2026",Enabled,TUF 2 - National - Maximize Conversions - Non-Brand - Brakes,Maximize Conversions,Active,Mavis Discount Tire,1,USD,5,5,6.63,6.63,6.63,298.39,298.39,45,0.3358,USD
"February 22, 2026 - February 28, 2026",Enabled,MAVIS - New Jersey 2 - Maximize Conversions - Non-Brand - Auto Service,Maximize Conversions,Limited (budget constrained),Mavis Discount Tire,1,USD,3.5,4,5.37,5.37,5.37,658.48,658.48,122.64,0.3021,USD
"February 22, 2026 - February 28, 2026",Enabled,TUF - Carolinas - Maximize Conversions (tCPA) - Non-Brand - Tires,Maximize Conversions,Inactive,Mavis Discount Tire,8,USD,21,0,0,0,0,0,0,0,0,USD
"February 22, 2026 - February 28, 2026",Enabled,EOC - PP 0824 - Maximize Conversions - Brand,Maximize Conversions,Inactive,Express Oil Change & Tire Engineers,5,USD,10,0,0,0,0,0,0,0,0,USD
"February 22, 2026 - February 28, 2026",Enabled,MAVIS - New Jersey - Northern - Maximize Conversions - Trademark - Exact,Maximize Conversions,Inactive,Mavis Discount Tire,1,USD,5.12,0,0,0,0,0,0,0,0,USD
"February 22, 2026 - February 28, 2026",Enabled,MAVIS - Georgia - Savannah - Maximize Conversions - Brand - Exact,Maximize Conversions,Inactive,Mavis Discount Tire,6,USD,7,0,0,0,0,0,0,0,0,USD
"February 22, 2026 - February 28, 2026",Enabled,zz_MAVIS - Georgia - Savannah - Maximize Conversions (tCPA) - Non-Brand - Phrase,Maximize Conversions,Inactive,Mavis Discount Tire,0,USD, --,0,0,0,0,0,0,0,0,USD
"February 22, 2026 - February 28, 2026",Enabled,AGT - Florida - Maximize Conversions (tCPA) - CP,Maximize Conversions,Inactive,Mavis Discount Tire,2,USD,10,0,0,0,0,0,0,0,0,USD
"February 22, 2026 - February 28, 2026",Enabled,BP - Colorado - Maximize Conversion - Brand,Maximize Conversions,Limited (budget constrained),Brakes Plus,5,USD,2.5,2.5,3.1,3.1,3.1,6945.24,6945.24,2243.67,0.4056,USD
"February 22, 2026 - February 28, 2026",Enabled,TK - Florida - Maximize Conversions - Competitors,Maximize Conversions,Active,Tire Kingdom,4,USD,3.7,4.26,4.53,4.53,4.53,2055.06,2055.06,453.2,0.3428,USD
"February 22, 2026 - February 28, 2026",Enabled,BP - Southwest - PP 0824 - Maximize Conversion - Competitors,Maximize Conversions,Inactive,Brakes Plus,3,USD,9.8,0,0,0,0,0,0,0,0,USD
"February 22, 2026 - February 28, 2026",Enabled,AGT - Florida - Maximize Conversions (tCPA) - Brand - Phrase,Maximize Conversions,Inactive,Mavis Discount Tire,6,USD,9.6,0,0,0,0,0,0,0,0,USD
"February 22, 2026 - February 28, 2026",Enabled,JWT - Pennsylvania - Maximize Conversions (tCPA) - Non-Brand - Services,Maximize Conversions,Inactive,Mavis Discount Tire,10,USD,4.75,0,0,0,0,0,0,0,0,USD
"February 22, 2026 - February 28, 2026",Enabled,MAVIS - Pennsylvania - Maximize Conversions - Brand - Exact,Maximize Conversions,Inactive,Mavis Discount Tire,7,USD,7.68,0,0,0,0,0,0,0,0,USD
"February 22, 2026 - February 28, 2026",Enabled,MAVIS - New York - NYC Boroughs - Maximize Conversions - Non-Brand - Tires,Maximize Conversions,Inactive,Mavis Discount Tire,8,USD,16,0,0,0,0,0,0,0,0,USD
"February 22, 2026 - February 28, 2026",Enabled,MAVIS - New Jersey - Central - Maximize Conversions - Non-Brand - Services,Maximize Conversions,Inactive,Mavis Discount Tire,10,USD,22.48,0,0,0,0,0,0,0,0,USD
"February 22, 2026 - February 28, 2026",Enabled,NTB - Midwest - Maximize Conversion - Competitors,Maximize Conversions,Active,NTB,4,USD,3.4,4,4.75,4.75,4.75,407.54,407.54,85.77,0.3153,USD
"February 22, 2026 - February 28, 2026",Enabled,MAVIS - Illinois 2 - Maximize Conversions - Competitors,Maximize Conversions,Active,Mavis Discount Tire,4,USD,3.75,3.75,4.02,4.02,4.02,832.87,832.87,207.22,0.3993,USD
"February 22, 2026 - February 28, 2026",Enabled,MAVIS - NORTH CAROLINA - Maximize Conversions - Non-Brand - New Stores,Maximize Conversions,Active,Mavis Tire Express Services MCC,4,USD,7.66,7.66,7.53,7.53,7.53,159.33,159.33,21.17,0.4319,USD
"February 22, 2026 - February 28, 2026",Enabled,EOC - Alabama - Maximize Conversion - Non Brand - Services,Maximize Conversions,Active,Express Oil Change & Tire Engineers,6,USD,3.7,4.06,4.75,4.75,4.75,2507.6,2507.6,527.68,0.3329,USD
"February 22, 2026 - February 28, 2026",Enabled,TK - Florida - Maximize Conversions - Non-Brand - Auto Service,Maximize Conversions,Limited (budget constrained),Tire Kingdom,1,USD,5.4,5.4,5.51,5.51,5.51,1499.8,1499.8,272.08,0.387,USD
"February 22, 2026 - February 28, 2026",Enabled,BP - Midwest - Maximize Conversion - Oil Change,Maximize Conversions,Limited (budget constrained),Brakes Plus,1,USD,15,15.47,16.74,16.74,16.74,7009.64,7009.64,418.68,0.2581,USD
"February 22, 2026 - February 28, 2026",Enabled,MAVIS - Florida 2 - Maximize Conversions - Brand,Maximize Conversions,Limited (budget constrained),Mavis Discount Tire,10,USD,4,4.67,6.18,6.18,6.18,28347.15,28347.15,4584.44,0.3787,USD
"February 22, 2026 - February 28, 2026",Enabled,MAVIS - Georgia 2 - Maximize Conversions - Non-Brand - Services,Maximize Conversions,Limited (budget constrained),Mavis Discount Tire,4,USD,4,4.63,5.52,5.52,5.52,4489.07,4489.07,813.24,0.3626,USD
"February 22, 2026 - February 28, 2026",Enabled,MAVIS - Illinois 2 - Maximize Conversion Value - Non Brand - Brakes,Target ROAS,Inactive,Mavis Tire Express Services MCC,0,USD, --,0,0,0,0,0,0,0,0,USD
"February 22, 2026 - February 28, 2026",Enabled,MAVIS - Alabama - Maximize Conversions - Non-Brand - Services,Maximize Conversions,Inactive,Mavis Discount Tire,8,USD,6.16,0,0,0,0,0,0,0,0,USD
"February 22, 2026 - February 28, 2026",Enabled,MAVIS - New York - West Central - Maximize Conversions - Non-Brand - Oil Change,Target CPA,Limited (budget constrained),Mavis Discount Tire,1,USD,8.17,9.11,11.33,11.33,11.33,1978.49,1978.49,174.65,0.2975,USD
"February 22, 2026 - February 28, 2026",Enabled,Alabama - BR,Maximize Conversions,Inactive,Express Oil Change & Tire Engineers,0,USD,11.31,0,0,0,0,0,0,0,0,USD
"February 22, 2026 - February 28, 2026",Enabled,NTB - Virginias - Maximize Conversion - Brand,Maximize Conversions,Limited (budget constrained),NTB,7,USD,4.2,5.11,6.11,6.11,6.11,13857.86,13857.86,2269.16,0.3928,USD
"February 22, 2026 - February 28, 2026",Enabled,MAVIS - Illinois 2 - Maximize Conversion Value - Brand,Target ROAS,Inactive,Mavis Tire Express Services MCC,0,USD, --,0,0,0,0,0,0,0,0,USD
"February 22, 2026 - February 28, 2026",Enabled,MAVIS - New York - NYC Boroughs 2 - Maximize Conversions - Non-Brand - Services,Maximize Conversions,Limited (budget constrained),Mavis Discount Tire,1,USD,3,3,3.25,3.25,3.25,326.51,326.51,100.56,0.2786,USD
"February 22, 2026 - February 28, 2026",Enabled,MAVIS - New York - Hudson Valley - Maximize Conversions - Brand,Maximize Conversions,Limited (budget constrained),Mavis Discount Tire,7,USD,3.5,3.5,3.98,3.98,3.98,15560.77,15560.77,3913.56,0.4419,USD
"February 22, 2026 - February 28, 2026",Enabled,BP - Texas - Maximize Conversion - Non Brand - Brakes,Maximize Conversions,Limited (budget constrained),Brakes Plus,1,USD,11,10,11.17,11.17,11.17,6285.88,6285.88,562.83,0.2766,USD
"February 22, 2026 - February 28, 2026",Enabled,MAVIS - Gulf States - Maximize Conversions - Competitors,Maximize Conversions,Active,Mavis Discount Tire,4,USD,5,5,5.61,5.61,5.61,1043.82,1043.82,186.15,0.4012,USD
"February 22, 2026 - February 28, 2026",Enabled,MAVIS - Illinois 2 - Maximize Conversions - Brand,Maximize Conversions,Limited (budget constrained),Mavis Discount Tire,4,USD,4,4.5,5.1,5.1,5.1,4522.98,4522.98,886.44,0.3501,USD
"February 22, 2026 - February 28, 2026",Enabled,NTB - Carolinas - Maximize Conversion - Non-Brand - Brakes,Maximize Conversions,Active,NTB,1,USD,10,10.4,12.23,12.23,12.23,545.97,545.97,44.63,0.2277,USD
"February 22, 2026 - February 28, 2026",Enabled,MAVIS - New Jersey - Southern - Maximize Conversions - Non-Brand - Tires,Maximize Conversions,Inactive,Mavis Discount Tire,8,USD,19,0,0,0,0,0,0,0,0,USD
"February 22, 2026 - February 28, 2026",Enabled,EOC - PP 0824 - Maximize Conversions - Non-Brand,Maximize Conversions,Inactive,Express Oil Change & Tire Engineers,4,USD,10,0,0,0,0,0,0,0,0,USD
"February 22, 2026 - February 28, 2026",Enabled,MAVIS - Mississippi - Maximize Conversions - Trademark - Phrase,Maximize Conversions,Inactive,Mavis Discount Tire,1,USD,7.68,0,0,0,0,0,0,0,0,USD
"February 22, 2026 - February 28, 2026",Enabled,EOC - Alabama - Maximize Conversion - Competitors,Maximize Conversions,Active,Express Oil Change & Tire Engineers,7,USD,5.2,5.2,6.48,6.48,6.48,1292.61,1292.61,199.34,0.3076,USD
"February 22, 2026 - February 28, 2026",Enabled,NTB - Midwest - Maximize Conversion - Non-Brand - Services,Maximize Conversions,Active,NTB,3,USD,8.2,8.2,8.24,8.24,8.24,2084.91,2084.91,253.02,0.3549,USD
"February 22, 2026 - February 28, 2026",Enabled,MAVIS - Massachusetts - Maximize Conversions - Trademark - Exact,Maximize Conversions,Inactive,Mavis Discount Tire,1,USD,5.12,0,0,0,0,0,0,0,0,USD
"February 22, 2026 - February 28, 2026",Enabled,MAVIS - New Jersey - Central - Maximize Conversions - Trademark - Phrase,Maximize Conversions,Inactive,Mavis Discount Tire,1,USD,7.68,0,0,0,0,0,0,0,0,USD
"February 22, 2026 - February 28, 2026",Enabled,Midwest - BR,Maximize Conversions,Inactive,Brakes Plus,0,USD,7,0,0,0,0,0,0,0,0,USD
"February 22, 2026 - February 28, 2026",Enabled,AGT - Florida - Maximize Conversions (tCPA) - Brand - Exact,Maximize Conversions,Inactive,Mavis Discount Tire,5,USD,9.6,0,0,0,0,0,0,0,0,USD
"February 22, 2026 - February 28, 2026",Enabled,BP - Midwest- PP 1124-  Maximize Conversion - Non Brand - Services,Maximize Conversions,Inactive,Brakes Plus,1,USD,11,0,0,0,0,0,0,0,0,USD
"February 22, 2026 - February 28, 2026",Enabled,MAVIS - Georgia - Savannah - Maximize Conversions - Non-Brand - Tires,Maximize Conversions,Inactive,Mavis Discount Tire,8,USD,19,0,0,0,0,0,0,0,0,USD
"February 22, 2026 - February 28, 2026",Enabled,MAVIS - South Carolinas 2 - Maximize Conversions - Non-Brand - Tires,Maximize Conversions,Limited (budget constrained),Mavis Discount Tire,1,USD,4.1,4.81,5.61,5.61,5.61,12459.91,12459.91,2222.73,0.3581,USD
"February 22, 2026 - February 28, 2026",Enabled,MAVIS - Alabama - Maximize Conversions - Brand,Maximize Conversions,Limited (budget constrained),Mavis Tire Express Services MCC,4,USD,3,3.25,3.33,3.33,3.33,6305.92,6305.92,1893.92,0.3922,USD
"February 22, 2026 - February 28, 2026",Enabled,BP - Midwest - Maximize Conversion - Non Brand - Wheel Alignment,Maximize Conversions,Active,Brakes Plus,1,USD,9,10.12,11.83,11.83,11.83,1194.51,1194.51,100.99,0.2782,USD
"February 22, 2026 - February 28, 2026",Enabled,ADT - New York - Maximize Conversions - Brand,Maximize Conversions,Active,Mavis Tire Express Services MCC,3,USD,7.5,7.5,7.77,7.77,7.77,1166.28,1166.28,150.15,0.4047,USD
"February 22, 2026 - February 28, 2026",Enabled,MAVIS - New York - Long Island - Maximize Conversions - Trademark - Phrase,Maximize Conversions,Inactive,Mavis Discount Tire,1,USD,7.68,0,0,0,0,0,0,0,0,USD
"February 22, 2026 - February 28, 2026",Enabled,MAVIS - Illinois 2 - Maximize Conversions - Non-brand - Tires,Maximize Conversions,Limited (budget constrained),Mavis Discount Tire,5,USD,4,4.5,5.21,5.21,5.21,6264.05,6264.05,1201.28,0.3624,USD
"February 22, 2026 - February 28, 2026",Enabled,MAVIS - Florida 2 - Maximize Conversions - Non-Brand - Tires- T2,Maximize Conversions,Inactive,Mavis Discount Tire,0,USD,7.19,0,0,0,0,0,0,0,0,USD
"February 22, 2026 - February 28, 2026",Enabled,MAVIS - Georgia 2 - Maximize Conversions - Non-Brand - Tires,Maximize Conversions,Active,Mavis Discount Tire,5,USD,5.5,6.32,7.27,7.27,7.27,31152.71,31152.71,4287.04,0.3896,USD
"February 22, 2026 - February 28, 2026",Enabled,MAVIS - SOUTH CAROLINA - Maximize Conversions - Non-Brand - New Stores,Maximize Conversions,Inactive,Mavis Tire Express Services MCC,3,USD,6.28,0,0,0,0,0,0,0,0,USD
"February 22, 2026 - February 28, 2026",Enabled,MAVIS - Massachusetts 2 - Maximize Conversions - Non-Brand - Tires,Maximize Conversions,Limited (budget constrained),Mavis Discount Tire,2,USD,2.5,3.1,3.47,3.47,3.47,2816.72,2816.72,811.39,0.4623,USD
"February 22, 2026 - February 28, 2026",Enabled,MAVIS - South Carolina - Maximize Conversions - Brand - Phrase,Maximize Conversions,Inactive,Mavis Discount Tire,6,USD,7.68,0,0,0,0,0,0,0,0,USD
"February 22, 2026 - February 28, 2026",Enabled,MAVIS - Pennsylvania - Maximize Conversions - Non-Brand - Oil Change,Target CPA,Limited (budget constrained),Mavis Discount Tire,1,USD,3.4,4,4.82,4.82,4.82,1442.22,1442.22,299.25,0.3636,USD
"February 22, 2026 - February 28, 2026",Enabled,zz_MAVIS - South Carolina - Maximize Conversions (tCPA) - Non-Brand - Phrase,Maximize Conversions,Inactive,Mavis Discount Tire,0,USD, --,0,0,0,0,0,0,0,0,USD
"February 22, 2026 - February 28, 2026",Enabled,MAVIS - Pennsylvania 2 - Maximize Conversions - Non-Brand - Auto Service,Maximize Conversions,Limited (budget constrained),Mavis Discount Tire,1,USD,3.25,3.5,4.45,4.45,4.45,328.41,328.41,73.8,0.3448,USD
"February 22, 2026 - February 28, 2026",Enabled,MAVIS - New York - NYC Boroughs 2 - Maximize Conversions - Non-Brand - Auto Service,Maximize Conversions,Active,Mavis Discount Tire,1,USD,2.5,2.5,2.86,2.86,2.86,18.1,18.1,6.33,0.2754,USD
"February 22, 2026 - February 28, 2026",Enabled,EOC - PP 0824 - Maximize Conversions - Non-Brand - Oil Change,Target CPA,Inactive,Express Oil Change & Tire Engineers,1,USD,10,0,0,0,0,0,0,0,0,USD
"February 22, 2026 - February 28, 2026",Enabled,MAVIS - Georgia 2 - Maximize Conversions - Competitors,Maximize Conversions,Limited (budget constrained),Mavis Discount Tire,4,USD,4,4.62,5.41,5.41,5.41,3889.02,3889.02,718.49,0.3774,USD
"February 22, 2026 - February 28, 2026",Enabled,NTB - Northeast - Maximize Conversion - Non-Brand - Services,Maximize Conversions,Active,NTB,3,USD,5.6,6.14,7.09,7.09,7.09,2110.81,2110.81,297.84,0.3083,USD
"February 22, 2026 - February 28, 2026",Enabled,MAVIS - Illinois - Maximize Conversions - Trademark - Phrase,Maximize Conversions,Inactive,Mavis Discount Tire,1,USD,7.68,0,0,0,0,0,0,0,0,USD
"February 22, 2026 - February 28, 2026",Enabled,NTB - Virginias - Maximize Conversion - Competitors,Maximize Conversions,Active,NTB,4,USD,3.3,3.8,3.7,3.7,3.7,679.51,679.51,183.86,0.3855,USD
"February 22, 2026 - February 28, 2026",Enabled,BP - Southwest - PP 0824 - Maximize Conversion - Brand,Maximize Conversions,Inactive,Brakes Plus,4,USD,8.75,0,0,0,0,0,0,0,0,USD
"February 22, 2026 - February 28, 2026",Enabled,MAVIS - Florida 2 - Maximize Conversions - Competitors,Maximize Conversions,Limited (budget constrained),Mavis Discount Tire,8,USD,2.76,2.86,3.11,3.11,3.11,628.33,628.33,201.87,0.4206,USD
"February 22, 2026 - February 28, 2026",Enabled,zz_GAT - Texas - Maximize Conversions (tCPA) - Brand - Exact,Maximize Conversions,Inactive,Mavis Discount Tire,5,USD,5,0,0,0,0,0,0,0,0,USD
"February 22, 2026 - February 28, 2026",Enabled,MAVIS - Alabama - Maximize Conversions - Brand - Exact,Maximize Conversions,Inactive,Mavis Discount Tire,6,USD,7.68,0,0,0,0,0,0,0,0,USD
"February 22, 2026 - February 28, 2026",Enabled,MAVIS - Alabama - Maximize Conversions - Brand - Phrase,Maximize Conversions,Inactive,Mavis Discount Tire,6,USD,7.68,0,0,0,0,0,0,0,0,USD
"February 22, 2026 - February 28, 2026",Enabled,MAVIS - Gulf States - Maximize Conversions - Non-Brand - Auto Service,Maximize Conversions,Limited (budget constrained),Mavis Discount Tire,1,USD,6.5,7.74,11.2,11.2,11.2,207.24,207.24,18.5,0.2229,USD
"February 22, 2026 - February 28, 2026",Enabled,MAVIS - Louisiana - Maximize Conversions - Brand - Exact,Maximize Conversions,Inactive,Mavis Discount Tire,6,USD,7.68,0,0,0,0,0,0,0,0,USD
"February 22, 2026 - February 28, 2026",Enabled,MAVIS - Florida - Maximize Conversions - Non-Brand - Tires,Maximize Conversions,Inactive,Mavis Discount Tire,8,USD,20,0,0,0,0,0,0,0,0,USD
"February 22, 2026 - February 28, 2026",Enabled,MAVIS - North Carolina - Maximize Conversions - Trademark - Phrase,Maximize Conversions,Inactive,Mavis Discount Tire,1,USD,7.68,0,0,0,0,0,0,0,0,USD
"February 22, 2026 - February 28, 2026",Enabled,MAVIS - Texas - Maximize Conversions - Brand - Exact,Maximize Conversions,Inactive,Mavis Discount Tire,5,USD,7.68,0,0,0,0,0,0,0,0,USD
"February 22, 2026 - February 28, 2026",Enabled,zz_GAT - Texas - Maximize Conversions (tCPA) - Brand - Phrase,Maximize Conversions,Inactive,Mavis Discount Tire,6,USD,6,0,0,0,0,0,0,0,0,USD
"February 22, 2026 - February 28, 2026",Enabled,NTB - Virginias - Maximize Conversion - Non-Brand - Brakes,Maximize Conversions,Active,NTB,1,USD,7,7,7.14,7.14,7.14,1037.51,1037.51,145.38,0.3093,USD
"February 22, 2026 - February 28, 2026",Enabled,EOC - Alabama - Maximize Conversion - Non Brand - Brakes,Maximize Conversions,Active,Express Oil Change & Tire Engineers,1,USD,5.75,5.75,8.54,8.54,8.54,690.62,690.62,80.83,0.255,USD
"February 22, 2026 - February 28, 2026",Enabled,TUF 2 - National - Maximize Conversions - Non-Brand - Services,Maximize Conversions,Active,Mavis Discount Tire,3,USD,3.25,3.25,3.54,3.54,3.54,362.74,362.74,102.41,0.4,USD
"February 22, 2026 - February 28, 2026",Enabled,MAVIS - Florida - Maximize Conversions Non-Brand - Oil Change,Target CPA,Limited (budget constrained),Mavis Discount Tire,1,USD,4.9,5.29,5.75,5.75,5.75,1897.18,1897.18,330.1,0.3338,USD
"February 22, 2026 - February 28, 2026",Enabled,MAVIS - Georgia - Greater Atlanta - Maximize Conversions - Brand - Exact,Maximize Conversions,Inactive,Mavis Discount Tire,6,USD,7.68,0,0,0,0,0,0,0,0,USD
"February 22, 2026 - February 28, 2026",Enabled,NTB - Carolinas - Maximize Conversion - Non-Brand - Auto Service,Maximize Conversions,Limited (budget constrained),NTB,1,USD,5.6,6.5,7.64,7.64,7.64,340.12,340.12,44.5,0.2392,USD
"February 22, 2026 - February 28, 2026",Enabled,zz_MAVIS - Georgia - Greater Atlanta - Maximize Conversions (tCPA) - Non-Brand - Phrase,Maximize Conversions,Inactive,Mavis Discount Tire,0,USD, --,0,0,0,0,0,0,0,0,USD
"February 22, 2026 - February 28, 2026",Enabled,MAVIS - New Jersey 2 - Maximize Conversions - Competitors,Maximize Conversions,Limited (budget constrained),Mavis Discount Tire,4,USD,2.75,3,4.01,4.01,4.01,757.8,757.8,189.09,0.3931,USD
"February 22, 2026 - February 28, 2026",Enabled,MAVIS - Georgia - Southern - Maximize Conversions - Non-Brand - Tires,Maximize Conversions,Inactive,Mavis Discount Tire,8,USD,19,0,0,0,0,0,0,0,0,USD
"February 22, 2026 - February 28, 2026",Enabled,NTB - Carolinas - Maximize Conversion - Brand,Maximize Conversions,Active,NTB,4,USD,4,4.4,5.23,5.23,5.23,2076.56,2076.56,397.23,0.3563,USD
"February 22, 2026 - February 28, 2026",Enabled,MAVIS - New York - Hudson Valley - Maximize Conversions - Non-Brand - Brakes,Maximize Conversions,Active,Mavis Discount Tire,2,USD,11.5,12,15.6,15.6,15.6,901.86,901.86,57.79,0.1806,USD
"February 22, 2026 - February 28, 2026",Enabled,MAVIS - New York - Long Island 2 - Maximize Conversions - Non-Brand - Auto Service,Maximize Conversions,Limited (budget constrained),Mavis Discount Tire,1,USD,6.38,6.56,7.69,7.69,7.69,725.48,725.48,94.32,0.331,USD
"February 22, 2026 - February 28, 2026",Enabled,TUF - Michigan - Ohio - Maximize Conversions (tCPA) - Brand - Phrase,Maximize Conversions,Inactive,Mavis Discount Tire,3,USD,9.6,0,0,0,0,0,0,0,0,USD
"February 22, 2026 - February 28, 2026",Enabled,MAVIS - New York - Hudson Valley - Maximize Conversions - Non-Brand - Tires,Maximize Conversions,Limited (budget constrained),Mavis Discount Tire,5,USD,5.25,5.98,6.75,6.75,6.75,8193.82,8193.82,1213.89,0.3241,USD
"February 22, 2026 - February 28, 2026",Enabled,AGT - Florida - Maximize Conversions (tCPA) - Trademark - Exact,Maximize Conversions,Inactive,Mavis Discount Tire,1,USD,6.4,0,0,0,0,0,0,0,0,USD
"February 22, 2026 - February 28, 2026",Enabled,NTB - Southeast - Maximize Conversion - Non-Brand - Services,Maximize Conversions,Limited (budget constrained),NTB,3,USD,7,7,7.85,7.85,7.85,852.38,852.38,108.58,0.3231,USD
"February 22, 2026 - February 28, 2026",Enabled,Mavis - UPS - Maximize Conversions - Massachusets,Target CPA,Inactive,Mavis Discount Tire,0,USD,15,0,0,0,0,0,0,0,0,USD
"February 22, 2026 - February 28, 2026",Enabled,TUF - Florida - Maximize Conversions (tCPA) - Non-Brand - Services,Maximize Conversions,Inactive,Mavis Discount Tire,10,USD,14,0,0,0,0,0,0,0,0,USD
"February 22, 2026 - February 28, 2026",Enabled,MAVIS - UPS - Maximize Conversions - Florida,Target CPA,Inactive,Mavis Discount Tire,6,USD,8,0,0,0,0,0,0,0,0,USD
"February 22, 2026 - February 28, 2026",Enabled,TUF 2 - National - Maximize Conversions - Competitors,Maximize Conversions,Active,Mavis Discount Tire,4,USD,4,4,4.17,4.17,4.17,342.58,342.58,82.08,0.3965,USD
"February 22, 2026 - February 28, 2026",Enabled,MAVIS - New Jersey - Northern - Maximize Conversions - Non-Brand - Services,Maximize Conversions,Inactive,Mavis Discount Tire,10,USD,22.48,0,0,0,0,0,0,0,0,USD
"February 22, 2026 - February 28, 2026",Enabled,Maximize Traffic Off Promo,Maximize clicks,Inactive,Tire Kingdom,0,USD, --,0,0,0,0,0,0,0,0,USD
"February 22, 2026 - February 28, 2026",Enabled,MAVIS - New York - Central - Maximize Conversions - Trademark - Exact,Maximize Conversions,Inactive,Mavis Discount Tire,1,USD,5.12,0,0,0,0,0,0,0,0,USD
"February 22, 2026 - February 28, 2026",Enabled,MAVIS - Georgia 2 - Maximize Conversions - Non-Brand - Auto Service,Maximize Conversions,Limited (budget constrained),Mavis Discount Tire,1,USD,30,30,36.51,36.51,36.51,754.51,754.51,20.67,0.0557,USD
"February 22, 2026 - February 28, 2026",Enabled,TUF - Michigan - Ohio - Maximize Conversions (tCPA) - Trademark - Phrase,Maximize Conversions,Inactive,Mavis Discount Tire,1,USD,9.6,0,0,0,0,0,0,0,0,USD
"February 22, 2026 - February 28, 2026",Enabled,NTB - Southeast - Maximize Conversion - Competitors,Maximize Conversions,Active,NTB,4,USD,5,5,5.93,5.93,5.93,408.48,408.48,68.84,0.2787,USD
"February 22, 2026 - February 28, 2026",Enabled,MAVIS - New York - Western - Maximize Conversions - Non-Brand - Tires,Maximize Conversions,Inactive,Mavis Discount Tire,8,USD,19,0,0,0,0,0,0,0,0,USD
"February 22, 2026 - February 28, 2026",Enabled,MELVIN 2 - Rhode Island Maximize Conversions - Non-Brand - Brakes,Maximize Conversions,Inactive,Mavis Discount Tire,1,USD,25,0,0,0,0,0,0,0,0,USD
"February 22, 2026 - February 28, 2026",Enabled,MAVIS - New York - NYC Boroughs - Maximize Conversions - Non-Brand - Services,Maximize Conversions,Inactive,Mavis Discount Tire,10,USD,14,0,0,0,0,0,0,0,0,USD
"February 22, 2026 - February 28, 2026",Enabled,TK - Florida - Maximize Conversions - Brand,Maximize Conversions,Limited (budget constrained),Tire Kingdom,10,USD,5,5.81,5.57,5.57,5.57,41651.14,41651.14,7474.86,0.3739,USD
"February 22, 2026 - February 28, 2026",Enabled,MAVIS - New York - Central - Maximize Conversions - Brand - Exact,Maximize Conversions,Inactive,Mavis Discount Tire,7,USD,7.68,0,0,0,0,0,0,0,0,USD
"February 22, 2026 - February 28, 2026",Enabled,TUF - Carolinas - Maximize Conversions (tCPA) - Trademark - Exact,Maximize Conversions,Inactive,Mavis Discount Tire,1,USD,6.4,0,0,0,0,0,0,0,0,USD
"February 22, 2026 - February 28, 2026",Enabled,zz_MAVIS - Georgia - Greater Atlanta -  Maximize Conversions (tCPA) - Non-Brand - Exact,Maximize Conversions,Inactive,Mavis Discount Tire,0,USD, --,0,0,0,0,0,0,0,0,USD
"February 22, 2026 - February 28, 2026",Enabled,MAVIS - Massachusetts - Maximize Conversions - Trademark - Phrase,Maximize Conversions,Inactive,Mavis Discount Tire,1,USD,7.68,0,0,0,0,0,0,0,0,USD
"February 22, 2026 - February 28, 2026",Enabled,NTB - Southeast - Maximize Conversion - Brand,Maximize Conversions,Active,NTB,4,USD,3.7,4.58,5.16,5.16,5.16,3346.25,3346.25,648.55,0.3613,USD
"February 22, 2026 - February 28, 2026",Enabled,MAVIS - New York - Central - Maximize Conversions - Brand - Phrase,Maximize Conversions,Inactive,Mavis Discount Tire,7,USD,7.68,0,0,0,0,0,0,0,0,USD
"February 22, 2026 - February 28, 2026",Enabled,EOC - Southeastern - Maximize Conversion - Brand,Maximize Conversions,Active,Express Oil Change & Tire Engineers,14,USD,3.1,2.89,3.67,3.67,3.67,12068.86,12068.86,3288.36,0.4095,USD
"February 22, 2026 - February 28, 2026",Enabled,MAVIS - Alabama - Maximize Conversions - Trademark - Exact,Maximize Conversions,Inactive,Mavis Discount Tire,1,USD,5.12,0,0,0,0,0,0,0,0,USD
"February 22, 2026 - February 28, 2026",Enabled,MAVIS - Louisiana - Northern - Maximize Conversions - Non-Brand - Tires,Maximize Conversions,Inactive,Mavis Discount Tire,8,USD,25.6,0,0,0,0,0,0,0,0,USD
"February 22, 2026 - February 28, 2026",Enabled,NTB - Carolinas - Maximize Conversion - Competitors,Maximize Conversions,Active,NTB,4,USD,4.5,5.2,6.09,6.09,6.09,306.64,306.64,50.32,0.3165,USD
"February 22, 2026 - February 28, 2026",Enabled,MAVIS - New Jersey - Central - Maximize Conversions - Non-Brand - Tires,Maximize Conversions,Inactive,Mavis Discount Tire,8,USD,23,0,0,0,0,0,0,0,0,USD
"February 22, 2026 - February 28, 2026",Enabled,zz_MAVIS - Texas - Maximize Conversions (tCPA) - Non-Brand - Exact,Maximize Conversions,Inactive,Mavis Discount Tire,0,USD, --,0,0,0,0,0,0,0,0,USD
"February 22, 2026 - February 28, 2026",Enabled,MELVIN - Rhode Island - Maximize Conversions (tCPA) - Brand - Phrase,Maximize Conversions,Inactive,Mavis Discount Tire,5,USD,8,0,0,0,0,0,0,0,0,USD
"February 22, 2026 - February 28, 2026",Enabled,MAVIS - New Jersey - Northern - Maximize Conversions - Brand - Phrase,Maximize Conversions,Inactive,Mavis Discount Tire,7,USD,6.14,0,0,0,0,0,0,0,0,USD
"February 22, 2026 - February 28, 2026",Enabled,MAVIS - New York - West Central - Maximize Conversions - Non-Brand - Brakes,Maximize Conversions,Limited (budget constrained),Mavis Discount Tire,2,USD,7.65,8.39,10.82,10.82,10.82,1083.43,1083.43,100.17,0.2671,USD
"February 22, 2026 - February 28, 2026",Enabled,MAVIS - North Carolinas 2 - Maximize Conversions - Non-Brand - Tires,Maximize Conversions,Limited (budget constrained),Mavis Discount Tire,4,USD,5,5.47,6.2,6.2,6.2,22429.69,22429.69,3615.95,0.3633,USD
"February 22, 2026 - February 28, 2026",Enabled,Holiday Campaigns - All Regions,Maximize Conversions,Inactive,Mavis Discount Tire,0,USD,20,0,0,0,0,0,0,0,0,USD
"February 22, 2026 - February 28, 2026",Enabled,TK - Florida - Maximize Conversions - Non-Brand - Tires,Maximize Conversions,Limited (budget constrained),Tire Kingdom,4,USD,4.8,5.75,5.82,5.82,5.82,26183.7,26183.7,4501.08,0.3514,USD
"February 22, 2026 - February 28, 2026",Enabled,MAVIS - New York - Ex Westchester - Maximize Conversions - Brand - Exact,Maximize Conversions,Inactive,Mavis Discount Tire,8,USD,7.68,0,0,0,0,0,0,0,0,USD
"February 22, 2026 - February 28, 2026",Enabled,MAVIS - Georgia - Greater Atlanta - Maximize Conversions - Non-Brand - Tires,Maximize Conversions,Inactive,Mavis Discount Tire,8,USD,24,0,0,0,0,0,0,0,0,USD
"February 22, 2026 - February 28, 2026",Enabled,MAVIS - North Carolina - Maximize Conversions - Brand - Exact,Maximize Conversions,Inactive,Mavis Discount Tire,6,USD,7.68,0,0,0,0,0,0,0,0,USD
"February 22, 2026 - February 28, 2026",Enabled,JWT - Pennsylvania - Maximize Conversions (tCPA) - Trademark - Phrase,Maximize Conversions,Active,Mavis Discount Tire,1,USD,6.25,6.25,6.68,6.68,6.68,35.62,35.62,5.33,0.3556,USD
"February 22, 2026 - February 28, 2026",Enabled,MAVIS - New York - Long Island - Maximize Conversions - Non-Brand - Inspection,Maximize Conversions,Limited (budget constrained),Mavis Discount Tire,1,USD,4.04,4.09,3.87,3.87,3.87,758.02,758.02,195.77,0.481,USD
"February 22, 2026 - February 28, 2026",Enabled,MAVIS - Georgia - Savannah - Maximize Conversions - Non-Brand - Services,Maximize Conversions,Inactive,Mavis Discount Tire,10,USD,18,0,0,0,0,0,0,0,0,USD
"February 22, 2026 - February 28, 2026",Enabled,zz_MAVIS - Mississippi - Maximize Conversions (tCPA) - Non-Brand - Phrase,Maximize Conversions,Inactive,Mavis Discount Tire,0,USD, --,0,0,0,0,0,0,0,0,USD
"February 22, 2026 - February 28, 2026",Enabled,MAVIS - New Jersey - Central - Maximize Conversions - Brand - Exact,Maximize Conversions,Inactive,Mavis Discount Tire,7,USD,6.14,0,0,0,0,0,0,0,0,USD
"February 22, 2026 - February 28, 2026",Enabled,MAVIS - New York - West Central - Maximize Conversions - Brand,Maximize Conversions,Limited (budget constrained),Mavis Discount Tire,7,USD,4.5,5,6.05,6.05,6.05,17862.41,17862.41,2952.08,0.4293,USD
"February 22, 2026 - February 28, 2026",Enabled,MAVIS - Florida - Maximize Conversions - Non-Brand - Services,Maximize Conversions,Inactive,Mavis Discount Tire,8,USD,18,0,0,0,0,0,0,0,0,USD
"February 22, 2026 - February 28, 2026",Enabled,MAVIS - Massachusetts 2 - Maximize Conversions - Non-Brand - Services,Maximize Conversions,Limited (budget constrained),Mavis Discount Tire,1,USD,3.8,4.02,4.75,4.75,4.75,918.75,918.75,193.25,0.3579,USD
"February 22, 2026 - February 28, 2026",Enabled,Mavis - UPS - Maximize Conversions - Pennsylvania,Target CPA,Inactive,Mavis Discount Tire,0,USD,15,0,0,0,0,0,0,0,0,USD
"February 22, 2026 - February 28, 2026",Enabled,MAVIS - Louisiana - Maximize Conversions - Trademark - Phrase,Maximize Conversions,Inactive,Mavis Discount Tire,1,USD,7.68,0,0,0,0,0,0,0,0,USD
"February 22, 2026 - February 28, 2026",Enabled,NTB - Southeast - Maximize Conversions Non-Brand - Oil Change,Maximize Conversions,Active,NTB,1,USD,8,8,9.87,9.87,9.87,207.22,207.22,21,0.25,USD
"February 22, 2026 - February 28, 2026",Enabled,MAVIS - New Jersey - Central - Maximize Conversions - Trademark - Exact,Maximize Conversions,Inactive,Mavis Discount Tire,1,USD,5.12,0,0,0,0,0,0,0,0,USD
"February 22, 2026 - February 28, 2026",Enabled,MELVIN 2 - Rhode Island Maximize Conversions - Brand,Maximize Conversions,Active,Mavis Discount Tire,4,USD,4.5,4.5,4.92,4.92,4.92,1035.92,1035.92,210.73,0.5789,USD
"February 22, 2026 - February 28, 2026",Enabled,BP - Arizona - Maximize Conversion - Competitors,Maximize Conversions,Active,Brakes Plus,5,USD,2.65,2.65,2.87,2.87,2.87,125.92,125.92,43.95,0.3756,USD
"February 22, 2026 - February 28, 2026",Enabled,TUF - Michigan - Ohio - Maximize Conversions (tCPA) - Trademark - Exact,Maximize Conversions,Inactive,Mavis Discount Tire,1,USD,6.4,0,0,0,0,0,0,0,0,USD
"February 22, 2026 - February 28, 2026",Enabled,MAVIS - New York - Western - Maximize Conversions - Non-Brand - Services,Maximize Conversions,Inactive,Mavis Discount Tire,10,USD,15,0,0,0,0,0,0,0,0,USD
"February 22, 2026 - February 28, 2026",Enabled,MAVIS - New Jersey - Southern - Maximize Conversions - Trademark - Exact,Maximize Conversions,Inactive,Mavis Discount Tire,1,USD,5.12,0,0,0,0,0,0,0,0,USD
"February 22, 2026 - February 28, 2026",Enabled,Tampa FL | NB - COMP - Tires - E - Enhanced CPC,Enhanced CPC,Inactive,Tire Kingdom,0,USD, --,0,0,0,0,0,0,0,0,USD
"February 22, 2026 - February 28, 2026",Enabled,MAVIS - Mississippi - Maximize Conversions - Non-Brand - Tires,Maximize Conversions,Inactive,Mavis Discount Tire,8,USD,25.6,0,0,0,0,0,0,0,0,USD
"February 22, 2026 - February 28, 2026",Enabled,zz_MAVIS - Georgia - Southern - Maximize Conversions (tCPA) - Non-Brand - Phrase,Maximize Conversions,Inactive,Mavis Discount Tire,0,USD, --,0,0,0,0,0,0,0,0,USD
"February 22, 2026 - February 28, 2026",Enabled,MAVIS - New York - Long Island 2 - Maximize Conversions - Non-Brand - Brakes,Maximize Conversions,Limited (budget constrained),Mavis Discount Tire,2,USD,8.5,8.59,10.99,10.99,10.99,226.69,226.69,20.62,0.1841,USD
"February 22, 2026 - February 28, 2026",Enabled,NTB - Dallas PP 1224 - Maximize Conversion - Non-Brand - Brakes,Target CPA,Inactive,NTB,1,USD,17,0,0,0,0,0,0,0,0,USD
"February 22, 2026 - February 28, 2026",Enabled,MAVIS - North Carolinas 2 - Maximize Conversions - Non-Brand - Brakes,Maximize Conversions,Limited (budget constrained),Mavis Discount Tire,2,USD,6.5,6.93,8.54,8.54,8.54,2845.14,2845.14,333.25,0.3349,USD
"February 22, 2026 - February 28, 2026",Enabled,Southern - BR,Maximize Conversions,Inactive,Express Oil Change & Tire Engineers,0,USD,14.44,0,0,0,0,0,0,0,0,USD
"February 22, 2026 - February 28, 2026",Enabled,MAVIS - New Jersey - Southern - Maximize Conversions - Brand - Exact,Maximize Conversions,Inactive,Mavis Discount Tire,7,USD,6.14,0,0,0,0,0,0,0,0,USD
"February 22, 2026 - February 28, 2026",Enabled,MAVIS - New Jersey - Maximize Conversions Non-Brand - Oil Change,Target CPA,Limited (budget constrained),Mavis Discount Tire,4,USD,7.15,7.15,8.58,8.58,8.58,4715.58,4715.58,549.45,0.2972,USD
"February 22, 2026 - February 28, 2026",Enabled,MAVIS - Georgia - Savannah - Maximize Conversions - Brand - Phrase,Maximize Conversions,Inactive,Mavis Discount Tire,6,USD,7.68,0,0,0,0,0,0,0,0,USD
"February 22, 2026 - February 28, 2026",Enabled,MAVIS - Louisiana - Northern - Maximize Conversions - Non-Brand - Services,Maximize Conversions,Inactive,Mavis Discount Tire,8,USD,20.48,0,0,0,0,0,0,0,0,USD
"February 22, 2026 - February 28, 2026",Enabled,BP - Colorado - Maximize Conversions - Non-Brand - New Stores,Maximize Conversions,Active,Mavis Tire Express Services MCC,1,USD,5.75,0,0,0,0,0,0,0,0,USD
"February 22, 2026 - February 28, 2026",Enabled,NTB - Dallas PP 1224 - Maximize Conversion - Non-Brand - Tires,Target CPA,Inactive,NTB,1,USD,16.4,0,0,0,0,0,0,0,0,USD
"February 22, 2026 - February 28, 2026",Enabled,MAVIS - New York - NYC Boroughs 2 - Maximize Conversions - Competitors,Maximize Conversions,Active,Mavis Discount Tire,4,USD,2,2.75,3.38,3.38,3.38,124,124,36.64,0.3301,USD
"February 22, 2026 - February 28, 2026",Enabled,BP - Arizona - Maximize Conversion - Non Brand - Brakes,Maximize Conversions,Active,Brakes Plus,5,USD,16,16.89,20.41,20.41,20.41,6429.3,6429.3,315.02,0.2367,USD
"February 22, 2026 - February 28, 2026",Enabled,NTB - Texas - Maximize Conversion - Non-Brand - Auto Service,Maximize Conversions,Limited (budget constrained),NTB,1,USD,4.2,5.91,6.95,6.95,6.95,794.61,794.61,114.34,0.1999,USD
"February 22, 2026 - February 28, 2026",Enabled,MAVIS - New Jersey - Greater Philadelphia - Maximize Conversions - Trademark - Phrase,Maximize Conversions,Inactive,Mavis Discount Tire,1,USD,7.68,0,0,0,0,0,0,0,0,USD
"February 22, 2026 - February 28, 2026",Enabled,NTB - Northeast - Maximize Conversion - Competitors,Maximize Conversions,Active,NTB,4,USD,4,4.48,4.43,4.43,4.43,1209.87,1209.87,273.17,0.4005,USD
"February 22, 2026 - February 28, 2026",Enabled,MAVIS - Florida 2 - Maximize Conversions - Non-Brand - Services,Maximize Conversions,Limited (budget constrained),Mavis Discount Tire,6,USD,2.93,3.05,3.18,3.18,3.18,782.44,782.44,245.73,0.397,USD
"February 22, 2026 - February 28, 2026",Enabled,MAVIS - Georgia - Greater Atlanta - Maximize Conversions - Trademark - Exact,Maximize Conversions,Inactive,Mavis Discount Tire,1,USD,5.12,0,0,0,0,0,0,0,0,USD
"February 22, 2026 - February 28, 2026",Enabled,MAVIS - South Carolina - Maximize Conversions - Non-Brand - Tires,Maximize Conversions,Inactive,Mavis Discount Tire,8,USD,20,0,0,0,0,0,0,0,0,USD
"February 22, 2026 - February 28, 2026",Enabled,zz_MAVIS - Georgia - Southern - Maximize Conversions (tCPA) - Non-Brand - Exact,Maximize Conversions,Inactive,Mavis Discount Tire,0,USD, --,0,0,0,0,0,0,0,0,USD
"February 22, 2026 - February 28, 2026",Enabled,MELVIN - Rhode Island - Maximize Conversions (tCPA) - Non-Brand - Tires,Maximize Conversions,Inactive,Mavis Discount Tire,9,USD,17,0,0,0,0,0,0,0,0,USD
"February 22, 2026 - February 28, 2026",Enabled,MAVIS - Pennsylvania 2 - Maximize Conversions - Brand,Maximize Conversions,Limited (budget constrained),Mavis Discount Tire,10,USD,2.3,3.29,3.72,3.72,3.72,20754.09,20754.09,5574.15,0.4409,USD
"February 22, 2026 - February 28, 2026",Enabled,EOC - Central Eastern - Maximize Conversion - Oil Change,Maximize Conversions,Active,Express Oil Change & Tire Engineers,6,USD,5.2,5.21,5.95,5.95,5.95,15368.25,15368.25,2581.97,0.3524,USD
"February 22, 2026 - February 28, 2026",Enabled,EOC - Central Eastern - Maximize Conversion - Brand,Maximize Conversions,Active,Express Oil Change & Tire Engineers,7,USD,3.9,3.92,4.84,4.84,4.84,11721.64,11721.64,2424.16,0.3778,USD
"February 22, 2026 - February 28, 2026",Enabled,MAVIS - New York - NYC Boroughs 2 - Maximize Conversions - Brand,Maximize Conversions,Limited (budget constrained),Mavis Discount Tire,4,USD,2.5,2.75,3.29,3.29,3.29,1479.72,1479.72,450.24,0.3806,USD
"February 22, 2026 - February 28, 2026",Enabled,MAVIS - New York - Central - Maximize Conversions - Trademark - Phrase,Maximize Conversions,Inactive,Mavis Discount Tire,1,USD,7.68,0,0,0,0,0,0,0,0,USD
"February 22, 2026 - February 28, 2026",Enabled,MAVIS - UPS - Maximize Conversions - Illinois,Target CPA,Inactive,Mavis Discount Tire,6,USD,7.5,0,0,0,0,0,0,0,0,USD
"February 22, 2026 - February 28, 2026",Enabled,zz_MAVIS - South Carolina - Maximize Conversions (tCPA) - Non-Brand - Exact,Maximize Conversions,Inactive,Mavis Discount Tire,0,USD, --,0,0,0,0,0,0,0,0,USD
"February 22, 2026 - February 28, 2026",Enabled,NTB - Carolinas - Maximize Conversion - Non-Brand - Services,Maximize Conversions,Active,NTB,3,USD,5.8,6.5,7.97,7.97,7.97,515.56,515.56,64.68,0.2764,USD
"February 22, 2026 - February 28, 2026",Enabled,MAVIS - New York - Western - Maximize Conversions - Brand - Phrase,Maximize Conversions,Inactive,Mavis Discount Tire,7,USD,7.68,0,0,0,0,0,0,0,0,USD
"February 22, 2026 - February 28, 2026",Enabled,EOC - PP 0824 - Maximize Conversions - Competitors,Maximize Conversions,Inactive,Express Oil Change & Tire Engineers,7,USD,8,0,0,0,0,0,0,0,0,USD
"February 22, 2026 - February 28, 2026",Enabled,Ft Myers FL | Brand - Tire Kingdom Trademark - E - Enhanced CPC,Enhanced CPC,Inactive,Tire Kingdom,0,USD, --,0,0,0,0,0,0,0,0,USD
"February 22, 2026 - February 28, 2026",Enabled,BP - Colorado - T2 -  Maximize Conversion - Non Brand - Brakes,Maximize Conversions,Active,Brakes Plus,1,USD,18.63,18.63,24.36,24.36,24.36,1527.04,1527.04,62.68,0.1746,USD
"February 22, 2026 - February 28, 2026",Enabled,MAVIS - New York - Long Island 2 - Maximize Conversions - Competitors,Maximize Conversions,Limited (budget constrained),Mavis Discount Tire,4,USD,5.74,5.91,6,6,6,890.76,890.76,148.41,0.4302,USD
"February 22, 2026 - February 28, 2026",Enabled,EOC - CENTRAL EASTERN - Maximize Conversions - Non-Brand - New Stores,Maximize Conversions,Active,Mavis Tire Express Services MCC,10,USD,6.3,6.3,13.44,13.44,13.44,87.36,87.36,6.5,0.2097,USD
"February 22, 2026 - February 28, 2026",Enabled,MAVIS - Massachusetts 2 - Maximize Conversions - Brand,Maximize Conversions,Limited (budget constrained),Mavis Discount Tire,4,USD,2.5,3.04,3.24,3.24,3.24,2503.45,2503.45,772.28,0.4234,USD
"February 22, 2026 - February 28, 2026",Enabled,BP - Arizona - Maximize Conversion - Non Brand - Services,Maximize Conversions,Limited (budget constrained),Brakes Plus,4,USD,3.75,3.74,4.8,4.8,4.8,369.47,369.47,77,0.2492,USD
"February 22, 2026 - February 28, 2026",Enabled,MAVIS - New York - NYC Boroughs 2 - Maximize Conversions - Non-Brand - Tires,Maximize Conversions,Limited (budget constrained),Mavis Discount Tire,2,USD,3.5,3.75,3.91,3.91,3.91,1753.53,1753.53,448.9,0.3284,USD
"February 22, 2026 - February 28, 2026",Enabled,TK - Florida - Maximize Conversions - Non-Brand - Brakes,Maximize Conversions,Active,Tire Kingdom,1,USD,8.5,9.17,10.09,10.09,10.09,3938.71,3938.71,390.3,0.2583,USD
"February 22, 2026 - February 28, 2026",Enabled,MAVIS - Florida 2 - Maximize Conversions - Non-Brand - Brakes,Maximize Conversions,Limited (budget constrained),Mavis Discount Tire,3,USD,4.5,4.9,5.53,5.53,5.53,1367.3,1367.3,247.31,0.4008,USD
"February 22, 2026 - February 28, 2026",Enabled,MELVIN - Rhode Island - Maximize Conversions (tCPA) - CP,Maximize Conversions,Inactive,Mavis Discount Tire,0,USD,10,0,0,0,0,0,0,0,0,USD
"February 22, 2026 - February 28, 2026",Enabled,MAVIS - New York - NYC Boroughs - Maximize Conversions - Trademark - Exact,Maximize Conversions,Inactive,Mavis Discount Tire,1,USD,5.12,0,0,0,0,0,0,0,0,USD
"February 22, 2026 - February 28, 2026",Enabled,NTB - Old Campaigns,Maximize Conversions,Inactive,NTB,300,USD, --,0,0,0,0,0,0,0,0,USD
"February 22, 2026 - February 28, 2026",Enabled,BP - Midwest - Maximize Conversion - Brand,Maximize Conversions,Active,Brakes Plus,11,USD,2.5,2.5,3.25,3.25,3.25,3161.9,3161.9,972.36,0.403,USD
"February 22, 2026 - February 28, 2026",Enabled,TUF - Florida - Maximize Conversions (tCPA) - Brand - Phrase,Maximize Conversions,Inactive,Mavis Discount Tire,3,USD,9.6,0,0,0,0,0,0,0,0,USD
"February 22, 2026 - February 28, 2026",Enabled,MELVIN - Rhode Island - Maximize Conversions (tCPA) - Brand - Exact,Maximize Conversions,Inactive,Mavis Discount Tire,6,USD,8,0,0,0,0,0,0,0,0,USD
"February 22, 2026 - February 28, 2026",Enabled,TUF - Illinois - Maximize Conversions (tCPA) - Trademark - Exact,Maximize Conversions,Inactive,Mavis Discount Tire,1,USD,6.4,0,0,0,0,0,0,0,0,USD
"February 22, 2026 - February 28, 2026",Enabled,NTB - Texas - Maximize Conversions Non-Brand - Oil Change,Maximize Conversions,Active,NTB,1,USD,11,11,13.12,13.12,13.12,706.5,706.5,53.83,0.2119,USD
"February 22, 2026 - February 28, 2026",Enabled,MAVIS - Pennsylvania 2 - Maximize Conversions - Competitors,Maximize Conversions,Limited (budget constrained),Mavis Discount Tire,4,USD,3,3.25,3.35,3.35,3.35,1043.97,1043.97,311.95,0.4387,USD
"February 22, 2026 - February 28, 2026",Enabled,MAVIS - New Jersey - Central - Maximize Conversions - Brand - Phrase,Maximize Conversions,Inactive,Mavis Discount Tire,7,USD,6.14,0,0,0,0,0,0,0,0,USD
"February 22, 2026 - February 28, 2026",Enabled,MAVIS - Georgia - Southern - Maximize Conversions - Non-Brand - Services,Maximize Conversions,Inactive,Mavis Discount Tire,8,USD,15,0,0,0,0,0,0,0,0,USD
"February 22, 2026 - February 28, 2026",Enabled,TUF - Illinois - Maximize Conversions (tCPA) - Non-Brand - Services,Maximize Conversions,Inactive,Mavis Discount Tire,10,USD,25.6,0,0,0,0,0,0,0,0,USD
"February 22, 2026 - February 28, 2026",Enabled,NTB - Northeast - Maximize Conversion - Non-Brand - Brakes,Maximize Conversions,Active,NTB,2,USD,7,7,7.43,7.43,7.43,866.05,866.05,116.49,0.2912,USD
"February 22, 2026 - February 28, 2026",Enabled,MAVIS - Alabama - Maximize Conversions - Non-Brand - Brakes,Maximize Conversions,Limited (budget constrained),Mavis Tire Express Services MCC,1,USD,9,10,11.23,11.23,11.23,2004.1,2004.1,178.5,0.321,USD
"February 22, 2026 - February 28, 2026",Enabled,zz_MAVIS - Florida - Maximize Conversions (tCPA) - Non-Brand - Phrase,Maximize Conversions,Inactive,Mavis Discount Tire,0,USD, --,0,0,0,0,0,0,0,0,USD
"February 22, 2026 - February 28, 2026",Enabled,MAVIS - New York - Long Island - Maximize Conversions - Brand - Phrase,Maximize Conversions,Inactive,Mavis Discount Tire,6,USD,7.68,0,0,0,0,0,0,0,0,USD
"February 22, 2026 - February 28, 2026",Enabled,MAVIS - Georgia 2 - Maximize Conversions - Non-Brand - Tires_ T2,Maximize Conversions,Active,Mavis Discount Tire,1,USD,5,6.22,7.05,7.05,7.05,14253.53,14253.53,2022.01,0.3025,USD
"February 22, 2026 - February 28, 2026",Enabled,MAVIS - Pennsylvania - Maximize Conversions - Trademark - Exact,Maximize Conversions,Inactive,Mavis Discount Tire,1,USD,5.12,0,0,0,0,0,0,0,0,USD
"February 22, 2026 - February 28, 2026",Enabled,MAVIS - Florida - Maximize Conversions - Brand - Phrase,Maximize Conversions,Inactive,Mavis Discount Tire,6,USD,7.68,0,0,0,0,0,0,0,0,USD
"February 22, 2026 - February 28, 2026",Enabled,TUF - Michigan - Ohio - Maximize Conversions (tCPA) - Non-Brand - Services,Maximize Conversions,Inactive,Mavis Discount Tire,10,USD,13,0,0,0,0,0,0,0,0,USD
"February 22, 2026 - February 28, 2026",Enabled,MAVIS - South Carolinas 2 - Maximize Conversions - Non-Brand - Services,Maximize Conversions,Limited (budget constrained),Mavis Discount Tire,1,USD,3.4,3.52,3.54,3.54,3.54,1228.53,1228.53,347.46,0.4171,USD
"February 22, 2026 - February 28, 2026",Enabled,Ft Myers FL | Brand - Tire Kingdom Trademark - B - Enhanced CPC,Enhanced CPC,Inactive,Tire Kingdom,0,USD, --,0,0,0,0,0,0,0,0,USD
"February 22, 2026 - February 28, 2026",Enabled,MELVIN - Rhode Island - Maximize Conversions (tCPA) - Trademark - Phrase,Maximize Conversions,Inactive,Mavis Discount Tire,1,USD,10,0,0,0,0,0,0,0,0,USD
"February 22, 2026 - February 28, 2026",Enabled,ACR - Old Campaigns,Maximize Conversions,Inactive,Tire Kingdom,152,USD, --,0,0,0,0,0,0,0,0,USD
"February 22, 2026 - February 28, 2026",Enabled,MAVIS - South Carolinas 2 - Maximize Conversions - Non-Brand - Auto Service,Maximize Conversions,Limited (budget constrained),Mavis Discount Tire,1,USD,4,4.41,5.27,5.27,5.27,557.79,557.79,105.9,0.3729,USD
"February 22, 2026 - February 28, 2026",Enabled,MAVIS - New Jersey 2 - Maximize Conversions - Non-Brand - Tires,Maximize Conversions,Limited (budget constrained),Mavis Discount Tire,6,USD,4,5.48,6.56,6.56,6.56,20002.28,20002.28,3050.92,0.343,USD
"February 22, 2026 - February 28, 2026",Enabled,BP - Texas - Maximize Conversion - Oil Change,Maximize Conversions,Active,Brakes Plus,1,USD,10,10.92,12.08,12.08,12.08,5152.78,5152.78,426.4,0.2257,USD
"February 22, 2026 - February 28, 2026",Enabled,BP - Midwest - PP 1124 - Maximize Conversion - Non Brand - Brakes,Maximize Conversions,Inactive,Brakes Plus,1,USD,9.7,0,0,0,0,0,0,0,0,USD
"February 22, 2026 - February 28, 2026",Enabled,NTB - Dallas PP 1224 - Maximize Conversion - Brand,Target CPA,Inactive,NTB,4,USD,13,0,0,0,0,0,0,0,0,USD
"February 22, 2026 - February 28, 2026",Enabled,MAVIS - Alabama - Maximize Conversions - Non-Brand - Tires,Maximize Conversions,Inactive,Mavis Discount Tire,8,USD,10.5,0,0,0,0,0,0,0,0,USD
"February 22, 2026 - February 28, 2026",Enabled,BP - Midwest - Maximize Conversion - Competitors,Maximize Conversions,Active,Brakes Plus,5,USD,4,4.91,6.51,6.51,6.51,202.82,202.82,31.17,0.3213,USD
"February 22, 2026 - February 28, 2026",Enabled,MAVIS - New York - Westchester - Maximize Conversions - Non-Brand - Services,Maximize Conversions,Inactive,Mavis Discount Tire,12,USD,17,0,0,0,0,0,0,0,0,USD
"February 22, 2026 - February 28, 2026",Enabled,MAVIS - Massachusetts - Maximize Conversions Non-Brand - Oil Change,Target CPA,Limited (budget constrained),Mavis Discount Tire,1,USD,4,4,4.93,4.93,4.93,101.03,101.03,20.5,0.2929,USD
"February 22, 2026 - February 28, 2026",Enabled,EOC-  Central Eastern - Maximize Conversion - Non Brand - Brakes,Maximize Conversions,Active,Express Oil Change & Tire Engineers,1,USD,5.5,5.5,6.48,6.48,6.48,623.03,623.03,96.21,0.2933,USD
"February 22, 2026 - February 28, 2026",Enabled,MAVIS - New Jersey - Greater Philadelphia - Maximize Conversions - Trademark - Exact,Maximize Conversions,Inactive,Mavis Discount Tire,1,USD,5.12,0,0,0,0,0,0,0,0,USD
"February 22, 2026 - February 28, 2026",Enabled,Enhanced,Enhanced CPC,Inactive,NTB,14,USD, --,0,0,0,0,0,0,0,0,USD
"February 22, 2026 - February 28, 2026",Enabled,West Palm Beach FL | Brand - Tire Kingdom Trademark - B - Enhanced CPC,Enhanced CPC,Inactive,Tire Kingdom,0,USD, --,0,0,0,0,0,0,0,0,USD
"February 22, 2026 - February 28, 2026",Enabled,MAVIS - New Jersey 2 - Maximize Conversions - Brand,Maximize Conversions,Limited (budget constrained),Mavis Discount Tire,7,USD,2.5,2.6,3.16,3.16,3.16,19182.19,19182.19,6067.35,0.4377,USD
"February 22, 2026 - February 28, 2026",Enabled,MAVIS - North Carolina - Maximize Conversions - Non-Brand - Tires,Maximize Conversions,Inactive,Mavis Discount Tire,8,USD,16,0,0,0,0,0,0,0,0,USD
"February 22, 2026 - February 28, 2026",Enabled,MAVIS - New York - West Central - Maximize Conversions - Non-Brand - Inspection,Maximize Conversions,Limited (budget constrained),Mavis Discount Tire,1,USD,3.82,4.19,4.82,4.82,4.82,2039.68,2039.68,422.99,0.4379,USD
"February 22, 2026 - February 28, 2026",Enabled,MAVIS - New York - West Central - Maximize Conversions - Non-Brand - Tires,Maximize Conversions,Limited (budget constrained),Mavis Discount Tire,5,USD,4.25,4.79,5.77,5.77,5.77,6912.95,6912.95,1198.76,0.3676,USD
"February 22, 2026 - February 28, 2026",Enabled,MAVIS - UPS - Maximize Conversions - New Jersey,Target CPA,Inactive,Mavis Discount Tire,0,USD,15,0,0,0,0,0,0,0,0,USD
"February 22, 2026 - February 28, 2026",Enabled,BP - ARIZONA - Maximize Conversions - Non-Brand - New Stores,Maximize Conversions,Inactive,Mavis Tire Express Services MCC,2,USD,10,0,0,0,0,0,0,0,0,USD
"February 22, 2026 - February 28, 2026",Enabled,MAVIS - Alabama - Maximize Conversions - Non-Brand - Services,Maximize Conversions,Limited (budget constrained),Mavis Tire Express Services MCC,1,USD,6,6,6.84,6.84,6.84,2692.12,2692.12,393.45,0.3507,USD
"February 22, 2026 - February 28, 2026",Enabled,West Palm Beach FL | NB - COMP - Tires - E - Enhanced CPC,Enhanced CPC,Inactive,Tire Kingdom,0,USD, --,0,0,0,0,0,0,0,0,USD
"February 22, 2026 - February 28, 2026",Enabled,MAVIS - New York - Ex Westchester - Maximize Conversions - Non-Brand - Tires,Maximize Conversions,Inactive,Mavis Discount Tire,8,USD,18,0,0,0,0,0,0,0,0,USD
"February 22, 2026 - February 28, 2026",Enabled,MAVIS - New York - Hudson Valley - Maximize Conversions - Non-Brand - Services,Maximize Conversions,Limited (budget constrained),Mavis Discount Tire,1,USD,4.5,4.5,5.32,5.32,5.32,1083.91,1083.91,203.57,0.3468,USD
"February 22, 2026 - February 28, 2026",Enabled,AGT - Florida - Maximize Conversions (tCPA) - Non-Brand - Services,Maximize Conversions,Inactive,Mavis Discount Tire,8,USD,20,0,0,0,0,0,0,0,0,USD
"February 22, 2026 - February 28, 2026",Enabled,TUF - Carolinas - Maximize Conversions (tCPA) - Trademark - Phrase,Maximize Conversions,Inactive,Mavis Discount Tire,1,USD,8,0,0,0,0,0,0,0,0,USD
"February 22, 2026 - February 28, 2026",Enabled,TUF - Michigan - Ohio - Maximize Conversions (tCPA) - Non-Brand - Tires,Maximize Conversions,Inactive,Mavis Discount Tire,8,USD,17,0,0,0,0,0,0,0,0,USD
"February 22, 2026 - February 28, 2026",Enabled,AGT 2 - Florida - Maximize Conversions - Non-Brand - Other Services,Maximize Conversions,Active,Mavis Discount Tire,1,USD,5,0,0,0,0,0,0,0,0,USD
"February 22, 2026 - February 28, 2026",Enabled,BP - Texas - Maximize Conversion - Non Brand - Wheel Alignment,Maximize Conversions,Active,Brakes Plus,1,USD,9,9.17,10.39,10.39,10.39,3552.05,3552.05,341.88,0.2665,USD
"February 22, 2026 - February 28, 2026",Enabled,MAVIS - GULF STATES - Maximize Conversions - Non-Brand - New Stores,Maximize Conversions,Active,Mavis Tire Express Services MCC,11,USD,7.85,7.85,15.33,15.33,15.33,146.93,146.93,9.58,0.1775,USD
"February 22, 2026 - February 28, 2026",Enabled,EOC - Southern - Maximize Conversion - Competitors,Maximize Conversions,Active,Express Oil Change & Tire Engineers,7,USD,4,4,4.72,4.72,4.72,1102.86,1102.86,233.63,0.2579,USD
"February 22, 2026 - February 28, 2026",Enabled,TUF - Michigan - Ohio - Maximize Conversions (tCPA) - Brand - Exact,Maximize Conversions,Inactive,Mavis Discount Tire,3,USD,9.6,0,0,0,0,0,0,0,0,USD
"February 22, 2026 - February 28, 2026",Enabled,BP - Colorado - Maximize Conversion - Non Brand - Services,Maximize Conversions,Active,Brakes Plus,1,USD,5,5.5,5.99,5.99,5.99,579.04,579.04,96.65,0.362,USD
"February 22, 2026 - February 28, 2026",Enabled,MAVIS - Louisiana - Maximize Conversions - Non-Brand - Services,Maximize Conversions,Inactive,Mavis Discount Tire,8,USD,20.48,0,0,0,0,0,0,0,0,USD
"February 22, 2026 - February 28, 2026",Enabled,BP - Colorado - Maximize Conversion - Competitors,Maximize Conversions,Active,Brakes Plus,5,USD,4,4.81,6.71,6.71,6.71,501.38,501.38,74.7,0.3152,USD
"February 22, 2026 - February 28, 2026",Enabled,MAVIS - North Carolina - Maximize Conversions - Non-Brand - Services,Maximize Conversions,Inactive,Mavis Discount Tire,8,USD,17,0,0,0,0,0,0,0,0,USD
"February 22, 2026 - February 28, 2026",Enabled,AGT - Florida - Maximize Conversions (tCPA) - Non-Brand - Tires,Maximize Conversions,Inactive,Mavis Discount Tire,14,USD,17,0,0,0,0,0,0,0,0,USD
"February 22, 2026 - February 28, 2026",Enabled,zz_GAT - Texas - Maximize Conversions (tCPA) - Non-Brand - Phrase,Maximize Conversions,Inactive,Mavis Discount Tire,15,USD,87,0,0,0,0,0,0,0,0,USD
"February 22, 2026 - February 28, 2026",Enabled,EOC - Southeastern - Maximize Conversion - Oil Change,Maximize Conversions,Active,Express Oil Change & Tire Engineers,6,USD,4.2,3.87,4.08,4.08,4.08,13235.63,13235.63,3242.47,0.4853,USD
"February 22, 2026 - February 28, 2026",Enabled,AGT - Florida - Maximize Conversions (tCPA) - Trademark - Phrase,Maximize Conversions,Inactive,Mavis Discount Tire,1,USD,9.6,0,0,0,0,0,0,0,0,USD
"February 22, 2026 - February 28, 2026",Enabled,EOC - Central Eastern - Maximize Conversion - Non-Brand - Oil Change_PP 1124_TN,Maximize Conversions,Inactive,Express Oil Change & Tire Engineers,1,USD,7.3,0,0,0,0,0,0,0,0,USD
"February 22, 2026 - February 28, 2026",Enabled,Washington DC | NB - COMP - Tires - E - Enhanced CPC,Enhanced CPC,Inactive,NTB,0,USD, --,0,0,0,0,0,0,0,0,USD
"February 22, 2026 - February 28, 2026",Enabled,Top of Page,Target search page location,Active,NTB,0,USD, --,0,0,0,0,0,0,0,0,USD
"February 22, 2026 - February 28, 2026",Enabled,BP - Southwest - PP 0824 - Maximize Conversion - Oil Change,Maximize Conversions,Inactive,Brakes Plus,2,USD,11,0,0,0,0,0,0,0,0,USD
"February 22, 2026 - February 28, 2026",Enabled,BP - Arizona - T2 -  Maximize Conversion - Non Brand - Brakes,Maximize Conversions,Active,Brakes Plus,1,USD,15.37,15.37,19.04,19.04,19.04,1161.33,1161.33,60.99,0.1639,USD
"February 22, 2026 - February 28, 2026",Enabled,BP - Arizona - Maximize Conversion - Oil Change,Maximize Conversions,Active,Brakes Plus,1,USD,11,11,13.42,13.42,13.42,4558.3,4558.3,339.6,0.2381,USD
"February 22, 2026 - February 28, 2026",Enabled,MAVIS - Illinois - Maximize Conversions - Trademark - Exact,Maximize Conversions,Inactive,Mavis Discount Tire,1,USD,5.12,0,0,0,0,0,0,0,0,USD
"February 22, 2026 - February 28, 2026",Enabled,MAVIS - New York - Hudson Valley - Maximize Conversions - Competitors,Maximize Conversions,Active,Mavis Discount Tire,4,USD,2.8,3,2.79,2.79,2.79,223.43,223.43,79.97,0.5227,USD
"February 22, 2026 - February 28, 2026",Enabled,MAVIS - Pennsylvania 2 - Maximize Conversions - Non-Brand - Brakes,Maximize Conversions,Active,Mavis Discount Tire,2,USD,13,13,13.99,13.99,13.99,2766.07,2766.07,197.72,0.2561,USD
"February 22, 2026 - February 28, 2026",Enabled,BP - Southwest - PP 0824- Maximize Conversion - Non Brand - Wheel Alignment,Maximize Conversions,Inactive,Brakes Plus,1,USD,8.5,0,0,0,0,0,0,0,0,USD
"February 22, 2026 - February 28, 2026",Enabled,zz_MAVIS - Mississippi - Maximize Conversions (tCPA) - Non-Brand - Exact,Maximize Conversions,Inactive,Mavis Discount Tire,0,USD, --,0,0,0,0,0,0,0,0,USD
"February 22, 2026 - February 28, 2026",Enabled,NTB - Maximize Conversion - PMX,Maximize Conversions,Inactive,NTB,0,USD,16,0,0,0,0,0,0,0,0,USD
"February 22, 2026 - February 28, 2026",Enabled,MAVIS - UPS - Maximize Conversions - Georgia,Target CPA,Inactive,Mavis Discount Tire,6,USD,7,0,0,0,0,0,0,0,0,USD
"February 22, 2026 - February 28, 2026",Enabled,MAVIS - New York - NYC Boroughs - Maximize Conversions - Trademark - Phrase,Maximize Conversions,Inactive,Mavis Discount Tire,1,USD,6,0,0,0,0,0,0,0,0,USD
"February 22, 2026 - February 28, 2026",Enabled,Southwest - BR,Maximize Conversions,Inactive,Brakes Plus,0,USD,14,0,0,0,0,0,0,0,0,USD
"February 22, 2026 - February 28, 2026",Enabled,NTB - Texas - Maximize Conversion - Competitors,Maximize Conversions,Limited (budget constrained),NTB,4,USD,4.2,5.69,6.22,6.22,6.22,1860.2,1860.2,298.99,0.2562,USD
"February 22, 2026 - February 28, 2026",Enabled,MAVIS - New Jersey - Greater Philadelphia - Maximize Conversions - Brand - Exact,Maximize Conversions,Inactive,Mavis Discount Tire,7,USD,6.14,0,0,0,0,0,0,0,0,USD
"February 22, 2026 - February 28, 2026",Enabled,MAVIS - New York - Long Island - Maximize Conversions - Non-Brand - Oil Change,Target CPA,Limited (budget constrained),Mavis Discount Tire,1,USD,5.1,5.22,6.02,6.02,6.02,621.89,621.89,103.33,0.3799,USD
"February 22, 2026 - February 28, 2026",Enabled,MELVIN 2 - Rhode Island Maximize Conversions - Non-Brand - Services,Maximize Conversions,Inactive,Mavis Discount Tire,3,USD,9,0,0,0,0,0,0,0,0,USD
"February 22, 2026 - February 28, 2026",Enabled,TUF 2 - National - Maximize Conversions - Brand,Maximize Conversions,Limited (budget constrained),Mavis Discount Tire,4,USD,3.5,3.5,4.51,4.51,4.51,375.02,375.02,83.15,0.5039,USD
"February 22, 2026 - February 28, 2026",Enabled,MAVIS - Illinois 2 - Maximize Conversions - Non-brand - Services,Maximize Conversions,Limited (budget constrained),Mavis Discount Tire,1,USD,2.25,2.5,2.81,2.81,2.81,493.92,493.92,175.91,0.3634,USD
"February 22, 2026 - February 28, 2026",Enabled,MAVIS - New York - Hudson Valley - Maximize Conversions - Non-Brand - Inspection,Maximize Conversions,Limited (budget constrained),Mavis Discount Tire,1,USD,4.5,4.5,5.74,5.74,5.74,1940.38,1940.38,338.02,0.3935,USD
"February 22, 2026 - February 28, 2026",Enabled,NTB - Virginias - Maximize Conversion - Non-Brand - Auto Service,Maximize Conversions,Limited (budget constrained),NTB,1,USD,3.8,4.16,4.26,4.26,4.26,889.43,889.43,208.55,0.3453,USD
"February 22, 2026 - February 28, 2026",Enabled,Ft Myers FL | NB - Tires - E - Enhanced CPC,Enhanced CPC,Inactive,Tire Kingdom,0,USD, --,0,0,0,0,0,0,0,0,USD
"February 22, 2026 - February 28, 2026",Enabled,MAVIS - Georgia 2 - Maximize Conversions - Non-Brand - Brakes,Maximize Conversions,Limited (budget constrained),Mavis Discount Tire,2,USD,8.5,10.2,11.83,11.83,11.83,6695.11,6695.11,566.05,0.3017,USD
"February 22, 2026 - February 28, 2026",Enabled,MELVIN - Rhode Island - Maximize Conversions (tCPA) - Non-Brand - Services,Maximize Conversions,Inactive,Mavis Discount Tire,9,USD,22,0,0,0,0,0,0,0,0,USD
"February 22, 2026 - February 28, 2026",Enabled,MAVIS - Georgia - Greater Atlanta - Maximize Conversions - Brand - Phrase,Maximize Conversions,Inactive,Mavis Discount Tire,6,USD,7.68,0,0,0,0,0,0,0,0,USD
"February 22, 2026 - February 28, 2026",Enabled,NTB - Midwest - Maximize Conversion - Non-Brand - Tires,Maximize Conversions,Limited (budget constrained),NTB,5,USD,4.8,5.38,5.4,5.4,5.4,6178.31,6178.31,1143.67,0.3517,USD
"February 22, 2026 - February 28, 2026",Enabled,EOC - Alabama - Maximize Conversions - Brand,Maximize Conversions,Active,Express Oil Change & Tire Engineers,14,USD,3.5,3.88,5.21,5.21,5.21,22043.54,22043.54,4232.91,0.3638,USD
"February 22, 2026 - February 28, 2026",Enabled,MAVIS - New York - Western - Maximize Conversions - Trademark - Exact,Maximize Conversions,Inactive,Mavis Discount Tire,1,USD,5.12,0,0,0,0,0,0,0,0,USD
"February 22, 2026 - February 28, 2026",Enabled,zz_GAT - Texas - Maximize Conversions (tCPA) - Non-Brand - Exact,Maximize Conversions,Inactive,Mavis Discount Tire,9,USD,53,0,0,0,0,0,0,0,0,USD
"February 22, 2026 - February 28, 2026",Enabled,EOC - Southeastern - Maximize Conversion - Competitors,Maximize Conversions,Active,Express Oil Change & Tire Engineers,7,USD,3.75,3.75,4.2,4.2,4.2,958.03,958.03,228,0.267,USD
"February 22, 2026 - February 28, 2026",Enabled,EOC - Central Eastern - Maximize Conversion - Brand_PP 1124_TN,Maximize Conversions,Inactive,Express Oil Change & Tire Engineers,5,USD,6.2,0,0,0,0,0,0,0,0,USD
"February 22, 2026 - February 28, 2026",Enabled,MAVIS - Massachusetts - Maximize Conversions - Brand - Exact,Maximize Conversions,Inactive,Mavis Discount Tire,6,USD,7.68,0,0,0,0,0,0,0,0,USD
"February 22, 2026 - February 28, 2026",Enabled,Old- MAVIS - Texas - Maximize Conversions - Non-Brand - Tires,Maximize Conversions,Inactive,Mavis Discount Tire,8,USD,25.6,0,0,0,0,0,0,0,0,USD
"February 22, 2026 - February 28, 2026",Enabled,MELVIN 2 - Rhode Island Maximize Conversions - Competitors,Maximize Conversions,Inactive,Mavis Discount Tire,4,USD,12,0,0,0,0,0,0,0,0,USD
"February 22, 2026 - February 28, 2026",Enabled,MAVIS - New York - West Central - Maximize Conversions - Competitors,Maximize Conversions,Active,Mavis Discount Tire,4,USD,2.8,3.29,4.1,4.1,4.1,504.07,504.07,122.82,0.3937,USD
"February 22, 2026 - February 28, 2026",Enabled,MAVIS - Alabama - Maximize Conversions - Non-Brand - Tires,Maximize Conversions,Active,Mavis Tire Express Services MCC,1,USD,4.8,5.56,6.57,6.57,6.57,10565.31,10565.31,1606.97,0.3511,USD
"February 22, 2026 - February 28, 2026",Enabled,MAVIS - Pennsylvania 2 - Maximize Conversions - Non-Brand - Services,Maximize Conversions,Limited (budget constrained),Mavis Discount Tire,4,USD,4,4.5,5.16,5.16,5.16,2598.31,2598.31,503.8,0.3656,USD
"February 22, 2026 - February 28, 2026",Enabled,BP - Southwest - PP 0824 -  Maximize Conversion - Non Brand - Services,Maximize Conversions,Inactive,Brakes Plus,1,USD,11.4,0,0,0,0,0,0,0,0,USD
"February 22, 2026 - February 28, 2026",Enabled,MAVIS - South Carolina - Maximize Conversions - Brand - Exact,Maximize Conversions,Inactive,Mavis Discount Tire,6,USD,7,0,0,0,0,0,0,0,0,USD
"February 22, 2026 - February 28, 2026",Enabled,MAVIS - Illinois - Maximize Conversions - Non-Brand - Services,Maximize Conversions,Inactive,Mavis Discount Tire,8,USD,20.48,0,0,0,0,0,0,0,0,USD
"February 22, 2026 - February 28, 2026",Enabled,MAVIS - New York - Long Island - Maximize Conversions - Non-Brand - Tires,Maximize Conversions,Inactive,Mavis Discount Tire,8,USD,22,0,0,0,0,0,0,0,0,USD
"February 22, 2026 - February 28, 2026",Enabled,JWT - Pennsylvania - Maximize Conversions (tCPA) - Brand - Exact,Maximize Conversions,Active,Mavis Discount Tire,8,USD,5.5,5.5,6.04,6.04,6.04,718.43,718.43,118.96,0.5084,USD
"February 22, 2026 - February 28, 2026",Enabled,MAVIS - Florida 2 - Maximize Conversions - Non-Brand - Tires,Maximize Conversions,Limited (budget constrained),Mavis Discount Tire,5,USD,5.65,6.1,6.85,6.85,6.85,28269.08,28269.08,4125.12,0.3576,USD
"February 22, 2026 - February 28, 2026",Enabled,MAVIS - New York - Long Island - Maximize Conversions - Brand - Exact,Maximize Conversions,Inactive,Mavis Discount Tire,8,USD,7.68,0,0,0,0,0,0,0,0,USD
"February 22, 2026 - February 28, 2026",Enabled,MAVIS - Texas - Maximize Conversions - Brand - Phrase,Maximize Conversions,Inactive,Mavis Discount Tire,5,USD,7.68,0,0,0,0,0,0,0,0,USD
"February 22, 2026 - February 28, 2026",Enabled,MAVIS - TEXAS - Maximize Conversions - Non-Brand - Tires,Maximize Conversions,Active,Mavis Discount Tire,1,USD,5,5.65,6.15,6.15,6.15,7637.65,7637.65,1242.57,0.3208,USD
"February 22, 2026 - February 28, 2026",Enabled,MAVIS - Gulf States - Maximize Conversions - Non-Brand - Brakes,Maximize Conversions,Active,Mavis Discount Tire,2,USD,7.65,8.33,9.4,9.4,9.4,1667.59,1667.59,177.39,0.3366,USD
"February 22, 2026 - February 28, 2026",Enabled,MAVIS - UPS - Maximize Conversions - Gulf States,Target CPA,Inactive,Mavis Discount Tire,6,USD,8,0,0,0,0,0,0,0,0,USD
"February 22, 2026 - February 28, 2026",Enabled,JWT - Pennsylvania - Maximize Conversions (tCPA) - CP,Maximize Conversions,Inactive,Mavis Discount Tire,4,USD,11,0,0,0,0,0,0,0,0,USD
"February 22, 2026 - February 28, 2026",Enabled,NTB - Virginias - Maximize Conversions Non-Brand - Oil Change,Maximize Conversions,Active,NTB,1,USD,7,7,8.86,8.86,8.86,1047.75,1047.75,118.32,0.2653,USD
"February 22, 2026 - February 28, 2026",Enabled,MAVIS - Pennsylvania - Maximize Conversions - Trademark - Phrase,Maximize Conversions,Inactive,Mavis Discount Tire,1,USD,7.68,0,0,0,0,0,0,0,0,USD
"February 22, 2026 - February 28, 2026",Enabled,MAVIS - New York - Western - Maximize Conversions - Brand - Exact,Maximize Conversions,Inactive,Mavis Discount Tire,7,USD,7.68,0,0,0,0,0,0,0,0,USD
"February 22, 2026 - February 28, 2026",Enabled,MAVIS - Mississippi - Maximize Conversions - Brand - Exact,Maximize Conversions,Inactive,Mavis Discount Tire,6,USD,7.68,0,0,0,0,0,0,0,0,USD
"February 22, 2026 - February 28, 2026",Enabled,MAVIS - ALABAMA - Maximize Conversions - Non-Brand - New Stores,Maximize Conversions,Inactive,Mavis Tire Express Services MCC,2,USD,6.51,0,0,0,0,0,0,0,0,USD
"February 22, 2026 - February 28, 2026",Enabled,BP - Midwest- PP 1124- Maximize Conversion - Non Brand - Wheel Alignment,Maximize Conversions,Inactive,Brakes Plus,1,USD,9.5,0,0,0,0,0,0,0,0,USD
"February 22, 2026 - February 28, 2026",Enabled,MAVIS - Georgia - Greater Atlanta - Maximize Conversions - Non-Brand - Services,Maximize Conversions,Inactive,Mavis Discount Tire,8,USD,18,0,0,0,0,0,0,0,0,USD
"February 22, 2026 - February 28, 2026",Enabled,MAVIS - New York - Long Island - Maximize Conversions - Non-Brand - Services,Maximize Conversions,Inactive,Mavis Discount Tire,10,USD,15,0,0,0,0,0,0,0,0,USD
"February 22, 2026 - February 28, 2026",Enabled,MAVIS - Mississippi - Maximize Conversions - Trademark - Exact,Maximize Conversions,Inactive,Mavis Discount Tire,1,USD,5.12,0,0,0,0,0,0,0,0,USD
"February 22, 2026 - February 28, 2026",Enabled,MAVIS - New Jersey - Greater Philadelphia - Maximize Conversions - Non-Brand - Tires,Maximize Conversions,Inactive,Mavis Discount Tire,8,USD,17,0,0,0,0,0,0,0,0,USD
"February 22, 2026 - February 28, 2026",Enabled,MAVIS - New York - Westchester - Maximize Conversions - Trademark - Phrase,Maximize Conversions,Inactive,Mavis Discount Tire,1,USD,7.68,0,0,0,0,0,0,0,0,USD
"February 22, 2026 - February 28, 2026",Enabled,BP - Texas - Maximize Conversion - Non Brand - Services,Maximize Conversions,Active,Brakes Plus,1,USD,5.5,5.98,6.97,6.97,6.97,4172.66,4172.66,598.98,0.2377,USD
"February 22, 2026 - February 28, 2026",Enabled,EOC - Maximize Conversion - New Stores,Maximize Conversions,Inactive,Express Oil Change & Tire Engineers,6,USD,12,0,0,0,0,0,0,0,0,USD
"February 22, 2026 - February 28, 2026",Enabled,zz_GAT - Texas - Maximize Conversions (tCPA) - Trademark - Phrase,Maximize Conversions,Inactive,Mavis Discount Tire,1,USD,8,0,0,0,0,0,0,0,0,USD
"February 22, 2026 - February 28, 2026",Enabled,MAVIS - North Carolina - Maximize Conversions - Brand - Phrase,Maximize Conversions,Inactive,Mavis Discount Tire,6,USD,7.68,0,0,0,0,0,0,0,0,USD
"February 22, 2026 - February 28, 2026",Enabled,MAVIS - UPS - Maximize Conversions -  New York,Target CPA,Inactive,Mavis Discount Tire,0,USD,15,0,0,0,0,0,0,0,0,USD
"February 22, 2026 - February 28, 2026",Enabled,MAVIS - New Jersey - Northern - Maximize Conversions - Brand - Exact,Maximize Conversions,Inactive,Mavis Discount Tire,7,USD,6.14,0,0,0,0,0,0,0,0,USD
"February 22, 2026 - February 28, 2026",Enabled,EOC - Alabama - Maximize Conversion - Oil Change,Maximize Conversions,Active,Express Oil Change & Tire Engineers,7,USD,5,4.92,5.67,5.67,5.67,9500.54,9500.54,1675.55,0.4421,USD
"February 22, 2026 - February 28, 2026",Enabled,MAVIS - Gulf States - Maximize Conversions - Brand,Maximize Conversions,Active,Mavis Discount Tire,7,USD,2.25,2.56,2.94,2.94,2.94,2819.52,2819.52,958.61,0.4242,USD
"February 22, 2026 - February 28, 2026",Enabled,MAVIS - South Carolina - Maximize Conversions - Non-Brand - Services,Maximize Conversions,Inactive,Mavis Discount Tire,8,USD,20.48,0,0,0,0,0,0,0,0,USD
"February 22, 2026 - February 28, 2026",Enabled,MAVIS - New York - NYC Boroughs - Maximize Conversions - Non-Brand - Oil Change,Target CPA,Limited (budget constrained),Mavis Discount Tire,1,USD,4.75,5,5.19,5.19,5.19,224.19,224.19,43.17,0.2998,USD
"February 22, 2026 - February 28, 2026",Enabled,MAVIS - New York - Western - Maximize Conversions - Trademark - Phrase,Maximize Conversions,Inactive,Mavis Discount Tire,1,USD,7.68,0,0,0,0,0,0,0,0,USD
"February 22, 2026 - February 28, 2026",Enabled,BP - Midwest - Maximize Conversion - Non Brand - Brakes,Maximize Conversions,Active,Brakes Plus,5,USD,14.85,13.84,16.41,16.41,16.41,2577.14,2577.14,157.06,0.2571,USD
"February 22, 2026 - February 28, 2026",Enabled,MAVIS - Massachusetts 2 - Maximize Conversions - Non-Brand - Brakes,Maximize Conversions,Active,Mavis Discount Tire,2,USD,8.5,8.76,8.94,8.94,8.94,509.61,509.61,57.01,0.3115,USD
"February 22, 2026 - February 28, 2026",Enabled,MAVIS - Gulf States - Maximize Conversions - Non-Brand - Services,Maximize Conversions,Active,Mavis Discount Tire,4,USD,4,5.08,5.79,5.79,5.79,2159.36,2159.36,372.74,0.3863,USD
"February 22, 2026 - February 28, 2026",Enabled,Miami FL | NB - Tires - B - Enhanced CPC,Enhanced CPC,Inactive,Tire Kingdom,0,USD, --,0,0,0,0,0,0,0,0,USD
"February 22, 2026 - February 28, 2026",Enabled,Ft Myers FL | Brand - Tire Kingdom Brakes - E - Enhanced CPC,Enhanced CPC,Inactive,Tire Kingdom,0,USD, --,0,0,0,0,0,0,0,0,USD
"February 22, 2026 - February 28, 2026",Enabled,JWT - Pennsylvania - Maximize Conversions (tCPA) - Brand - Phrase,Maximize Conversions,Limited (budget constrained),Mavis Discount Tire,7,USD,6.75,6.75,7.8,7.8,7.8,623.13,623.13,79.9,0.47,USD
"February 22, 2026 - February 28, 2026",Enabled,MAVIS - New Jersey - Greater Philadelphia - Maximize Conversions - Non-Brand - Services,Maximize Conversions,Inactive,Mavis Discount Tire,10,USD,21,0,0,0,0,0,0,0,0,USD
"February 22, 2026 - February 28, 2026",Enabled,MAVIS - Georgia - Southern - Maximize Conversions - Trademark - Exact,Maximize Conversions,Inactive,Mavis Discount Tire,1,USD,5.12,0,0,0,0,0,0,0,0,USD
"February 22, 2026 - February 28, 2026",Enabled,EOC - SOUTHEASTERN - Maximize Conversions - Non-Brand - New Stores,Maximize Conversions,Active,Mavis Tire Express Services MCC,3,USD,6.5,6.5,22.26,22.26,22.26,63.05,63.05,2.83,0.1049,USD
"February 22, 2026 - February 28, 2026",Enabled,MAVIS - New Jersey - Greater Philadelphia - Maximize Conversions - Brand - Phrase,Maximize Conversions,Inactive,Mavis Discount Tire,7,USD,6.14,0,0,0,0,0,0,0,0,USD
"February 22, 2026 - February 28, 2026",Enabled,Tampa FL | Brand - Tire Kingdom Trademark - E - Enhanced CPC,Enhanced CPC,Inactive,Tire Kingdom,0,USD, --,0,0,0,0,0,0,0,0,USD
"February 22, 2026 - February 28, 2026",Enabled,EOC - ALABAMA - Maximize Conversions - Non-Brand - New Stores,Maximize Conversions,Inactive,Mavis Tire Express Services MCC,1,USD,7.15,0,0,0,0,0,0,0,0,USD
"February 22, 2026 - February 28, 2026",Enabled,MAVIS - Illinois - Maximize Conversions - Brand - Phrase,Maximize Conversions,Inactive,Mavis Discount Tire,6,USD,7.68,0,0,0,0,0,0,0,0,USD
"February 22, 2026 - February 28, 2026",Enabled,AGT 2 - Florida - Maximize Conversions - Non-Brand - Tires,Maximize Conversions,Inactive,Mavis Discount Tire,0,USD,16,0,0,0,0,0,0,0,0,USD
"February 22, 2026 - February 28, 2026",Enabled,BP - Colorado - Maximize Conversion - Oil Change,Maximize Conversions,Active,Brakes Plus,1,USD,15,15.5,17.97,17.97,17.97,4983.85,4983.85,277.32,0.2478,USD
"February 22, 2026 - February 28, 2026",Enabled,MAVIS - TEXAS - Maximize Conversions - Non-Brand - Services,Maximize Conversions,Limited (budget constrained),Mavis Discount Tire,1,USD,3.5,6.41,7.16,7.16,7.16,3090.89,3090.89,431.93,0.3116,USD
"February 22, 2026 - February 28, 2026",Enabled,MAVIS - Massachusetts 2 - Maximize Conversions - Competitors,Maximize Conversions,Active,Mavis Discount Tire,4,USD,3.5,3.5,4.15,4.15,4.15,290.55,290.55,69.96,0.4115,USD
"February 22, 2026 - February 28, 2026",Enabled,MAVIS - Massachusetts - Maximize Conversions - Non-Brand - Tires,Maximize Conversions,Inactive,Mavis Discount Tire,8,USD,18,0,0,0,0,0,0,0,0,USD
"February 22, 2026 - February 28, 2026",Enabled,MAVIS - Alabama - Maximize Conversions - Non-Brand - Auto Service,Maximize Conversions,Limited (budget constrained),Mavis Tire Express Services MCC,1,USD,6.75,6.75,7.26,7.26,7.26,1433.69,1433.69,197.36,0.4028,USD
"February 22, 2026 - February 28, 2026",Enabled,EOC - SOUTHERN - Maximize Conversions - Non-Brand - New Stores,Maximize Conversions,Inactive,Mavis Tire Express Services MCC,7,USD,8,0,0,0,0,0,0,0,0,USD
"February 22, 2026 - February 28, 2026",Enabled,MAVIS - Louisiana - Northern - Maximize Conversions - Trademark - Phrase,Maximize Conversions,Inactive,Mavis Discount Tire,1,USD,7.68,0,0,0,0,0,0,0,0,USD
"February 22, 2026 - February 28, 2026",Enabled,zz_MAVIS - Florida - Maximize Conversions (tCPA) - Non-Brand - Exact,Maximize Conversions,Inactive,Mavis Discount Tire,0,USD, --,0,0,0,0,0,0,0,0,USD
"February 22, 2026 - February 28, 2026",Enabled,MAVIS - Florida - Maximize Conversions - Trademark - Phrase,Maximize Conversions,Inactive,Mavis Discount Tire,1,USD,7.68,0,0,0,0,0,0,0,0,USD
"February 22, 2026 - February 28, 2026",Enabled,zz_MAVIS - Louisiana - Maximize Conversions (tCPA) - Non-Brand - Phrase,Maximize Conversions,Inactive,Mavis Discount Tire,0,USD, --,0,0,0,0,0,0,0,0,USD
"February 22, 2026 - February 28, 2026",Enabled,MAVIS - New York - Westchester - Maximize Conversions - Brand - Phrase,Maximize Conversions,Inactive,Mavis Discount Tire,7,USD,7.68,0,0,0,0,0,0,0,0,USD
"February 22, 2026 - February 28, 2026",Enabled,NTB - Carolinas - Maximize Conversions Non-Brand - Oil Change,Maximize Conversions,Limited (budget constrained),NTB,1,USD,12,12,12.5,12.5,12.5,353,353,28.25,0.2568,USD
"February 22, 2026 - February 28, 2026",Enabled,MAVIS - New York - Ex Westchester - Maximize Conversions - Non-Brand - Services,Maximize Conversions,Inactive,Mavis Discount Tire,10,USD,16,0,0,0,0,0,0,0,0,USD
"February 22, 2026 - February 28, 2026",Enabled,MAVIS - Texas - Maximize Conversions - Non-Brand - Tires_ T2,Maximize Conversions,Active,Mavis Discount Tire,1,USD,5,5.19,5.72,5.72,5.72,2839.41,2839.41,496.01,0.2949,USD
"February 22, 2026 - February 28, 2026",Enabled,Tampa FL | Brand - Tire Kingdom Trademark - B - Enhanced CPC,Enhanced CPC,Inactive,Tire Kingdom,0,USD, --,0,0,0,0,0,0,0,0,USD
"February 22, 2026 - February 28, 2026",Enabled,AGT 2 - Florida - Maximize Conversions - Competitors,Maximize Conversions,Inactive,Mavis Discount Tire,0,USD,12,0,0,0,0,0,0,0,0,USD
"February 22, 2026 - February 28, 2026",Enabled,EOC - Central Eastern - Maximize Conversion - Competitors_PP 1124_TN,Maximize Conversions,Inactive,Express Oil Change & Tire Engineers,7,USD,7.5,0,0,0,0,0,0,0,0,USD
"February 22, 2026 - February 28, 2026",Enabled,MAVIS - New York - Ex Westchester - Maximize Conversions - Trademark - Exact,Maximize Conversions,Inactive,Mavis Discount Tire,1,USD,5.12,0,0,0,0,0,0,0,0,USD
"February 22, 2026 - February 28, 2026",Enabled,MAVIS - Southern Regions - Maximize Conversions (tCPA) - CP,Maximize Conversions,Inactive,Mavis Discount Tire,20,USD,10,0,0,0,0,0,0,0,0,USD
"February 22, 2026 - February 28, 2026",Enabled,MAVIS - Gulf States - Maximize Conversions - Non-Brand - Services,Maximize Conversions,Inactive,Mavis Tire Express Services MCC,0,USD,3.25,0,0,0,0,0,0,0,0,USD
"February 22, 2026 - February 28, 2026",Enabled,Tampa FL | NB - Tires - E - Enhanced CPC,Enhanced CPC,Inactive,Tire Kingdom,0,USD, --,0,0,0,0,0,0,0,0,USD
"February 22, 2026 - February 28, 2026",Enabled,EOC - Southeastern - Maximize Conversion - Non Brand - Brakes,Maximize Conversions,Active,Express Oil Change & Tire Engineers,1,USD,4.5,4.5,4.64,4.64,4.64,424.1,424.1,91.34,0.361,USD
"February 22, 2026 - February 28, 2026",Enabled,MAVIS - Alabama - Maximize Conversions - Trademark - Phrase,Maximize Conversions,Inactive,Mavis Discount Tire,1,USD,7.68,0,0,0,0,0,0,0,0,USD
"February 22, 2026 - February 28, 2026",Enabled,MAVIS - New York - Long Island 2 - Maximize Conversions - Non-Brand - Services,Maximize Conversions,Limited (budget constrained),Mavis Discount Tire,1,USD,5.95,6.11,7.32,7.32,7.32,867.41,867.41,118.52,0.2657,USD
"February 22, 2026 - February 28, 2026",Enabled,Tires,Enhanced CPC,Inactive,Tire Kingdom,0,USD, --,0,0,0,0,0,0,0,0,USD
"February 22, 2026 - February 28, 2026",Enabled,MAVIS - North Carolinas 2 - Maximize Conversions - Non-Brand - Auto Service,Maximize Conversions,Limited (budget constrained),Mavis Discount Tire,1,USD,2.55,2.66,3.06,3.06,3.06,229.08,229.08,74.77,0.2822,USD
"February 22, 2026 - February 28, 2026",Enabled,MAVIS - Florida 2 - Maximize Conversions - Non-Brand - Auto Service,Maximize Conversions,Limited (budget constrained),Mavis Discount Tire,1,USD,5.5,6.01,5.84,5.84,5.84,1046.04,1046.04,179.23,0.3974,USD
"February 22, 2026 - February 28, 2026",Enabled,BP - Arizona - Maximize Conversion - Brand,Maximize Conversions,Active,Brakes Plus,14,USD,3.5,3.5,4.28,4.28,4.28,5151.47,5151.47,1202.51,0.3839,USD
"February 22, 2026 - February 28, 2026",Enabled,MAVIS - TEXAS - Maximize Conversions - Competitors,Maximize Conversions,Limited (budget constrained),Mavis Discount Tire,4,USD,4.5,6.24,6.88,6.88,6.88,2416.43,2416.43,351.24,0.2982,USD
"February 22, 2026 - February 28, 2026",Enabled,BP - Midwest - PP 1124 - Maximize Conversion - Competitors,Maximize Conversions,Inactive,Brakes Plus,3,USD,8.5,0,0,0,0,0,0,0,0,USD
"February 22, 2026 - February 28, 2026",Enabled,MAVIS - Texas - Maximize Conversions - Trademark - Phrase,Maximize Conversions,Inactive,Mavis Discount Tire,1,USD,7.68,0,0,0,0,0,0,0,0,USD
"February 22, 2026 - February 28, 2026",Enabled,MAVIS - Illinois 2 - Maximize Conversion Value - Non Brand - Tires,Target ROAS,Inactive,Mavis Tire Express Services MCC,0,USD, --,0,0,0,0,0,0,0,0,USD
"February 22, 2026 - February 28, 2026",Enabled,TUF - Florida - Maximize Conversions (tCPA) - Brand - Exact,Maximize Conversions,Inactive,Mavis Discount Tire,3,USD,9.6,0,0,0,0,0,0,0,0,USD
"February 22, 2026 - February 28, 2026",Enabled,BP - Texas - Maximize Conversion - Brand,Maximize Conversions,Active,Brakes Plus,5,USD,3.5,3.71,4.36,4.36,4.36,7432.16,7432.16,1702.87,0.3233,USD
"February 22, 2026 - February 28, 2026",Enabled,MAVIS - Georgia - Southern - Maximize Conversions - Trademark - Phrase,Maximize Conversions,Inactive,Mavis Discount Tire,1,USD,7.68,0,0,0,0,0,0,0,0,USD
"February 22, 2026 - February 28, 2026",Enabled,BP - Midwest - PP 1124- Maximize Conversion - Oil Change,Maximize Conversions,Inactive,Brakes Plus,2,USD,10,0,0,0,0,0,0,0,0,USD
"February 22, 2026 - February 28, 2026",Enabled,Miami FL | Brand - Tire Kingdom Trademark - E - Enhanced CPC,Enhanced CPC,Inactive,Tire Kingdom,0,USD, --,0,0,0,0,0,0,0,0,USD
"February 22, 2026 - February 28, 2026",Enabled,MAVIS - Pennsylvania - Maximize Conversions - Non-Brand - Services,Maximize Conversions,Inactive,Mavis Discount Tire,10,USD,19,0,0,0,0,0,0,0,0,USD
"February 22, 2026 - February 28, 2026",Enabled,MAVIS - Massachusetts - Maximize Conversions - Non-Brand - Services,Maximize Conversions,Inactive,Mavis Discount Tire,8,USD,20.48,0,0,0,0,0,0,0,0,USD
"February 22, 2026 - February 28, 2026",Enabled,NTB - Texas - Maximize Conversion - Brand,Maximize Conversions,Limited (budget constrained),NTB,10,USD,5.7,6.56,8.95,8.95,8.95,14843.49,14843.49,1657.95,0.2657,USD
"February 22, 2026 - February 28, 2026",Enabled,NTB - Dallas PP 1224 - Maximize Conversion - Non-Brand - Services,Target CPA,Inactive,NTB,1,USD,15.6,0,0,0,0,0,0,0,0,USD
"February 22, 2026 - February 28, 2026",Enabled,MAVIS - Pennsylvania - Maximize Conversions - Non-Brand - State Inspection,Maximize Conversions,Limited (budget constrained),Mavis Discount Tire,4,USD,3.4,4,4.27,4.27,4.27,1962.3,1962.3,459.22,0.4021,USD
"February 22, 2026 - February 28, 2026",Enabled,NTB - Southeast - Maximize Conversion - Non-Brand - Brakes,Maximize Conversions,Limited (budget constrained),NTB,1,USD,7.5,9.61,9.73,9.73,9.73,685.45,685.45,70.42,0.2946,USD
"February 22, 2026 - February 28, 2026",Enabled,TUF - Illinois - Maximize Conversions (tCPA) - Non-Brand - Tires,Maximize Conversions,Inactive,Mavis Discount Tire,8,USD,28,0,0,0,0,0,0,0,0,USD
"February 22, 2026 - February 28, 2026",Enabled,BP - Colorado - Maximize Conversion - Non Brand - Wheel Alignment,Maximize Conversions,Active,Brakes Plus,1,USD,9,10.17,11.09,11.09,11.09,2153.59,2153.59,194.25,0.3205,USD
"February 22, 2026 - February 28, 2026",Enabled,Miami FL | Brand - Tire Kingdom Tires - E - Enhanced CPC,Enhanced CPC,Inactive,Tire Kingdom,0,USD, --,0,0,0,0,0,0,0,0,USD
"February 22, 2026 - February 28, 2026",Enabled,MAVIS - New York - Long Island 2 - Maximize Conversions - Brand,Maximize Conversions,Limited (bid limits),Mavis Discount Tire,7,USD,5.25,5.66,7.16,7.16,7.16,13291.75,13291.75,1855.65,0.4013,USD
"February 22, 2026 - February 28, 2026",Enabled,BP - Midwest - Maximize Conversion - Non Brand - Services,Maximize Conversions,Active,Brakes Plus,1,USD,6.5,6.45,7.57,7.57,7.57,1581.46,1581.46,209.01,0.3404,USD
"February 22, 2026 - February 28, 2026",Enabled,MAVIS - Mississippi - Maximize Conversions - Brand - Phrase,Maximize Conversions,Inactive,Mavis Discount Tire,6,USD,7.68,0,0,0,0,0,0,0,0,USD
"February 22, 2026 - February 28, 2026",Enabled,MAVIS - New Jersey 2 - Maximize Conversions - Non-Brand - Services,Maximize Conversions,Limited (budget constrained),Mavis Discount Tire,1,USD,5.5,6,7.07,7.07,7.07,5826.04,5826.04,824.05,0.3362,USD
"February 22, 2026 - February 28, 2026",Enabled,MAVIS - New York - Westchester - Maximize Conversions - Trademark - Exact,Maximize Conversions,Inactive,Mavis Discount Tire,1,USD,5.12,0,0,0,0,0,0,0,0,USD
"February 22, 2026 - February 28, 2026",Enabled,MAVIS - New York - NYC Boroughs 2 - Maximize Conversions - Non-Brand - Brakes,Maximize Conversions,Limited (budget constrained),Mavis Discount Tire,2,USD,4.75,5.25,7.83,7.83,7.83,118.79,118.79,15.17,0.2661,USD
"February 22, 2026 - February 28, 2026",Enabled,MAVIS - New Jersey - Southern - Maximize Conversions - Non-Brand - Services,Maximize Conversions,Inactive,Mavis Discount Tire,10,USD,19,0,0,0,0,0,0,0,0,USD
"February 22, 2026 - February 28, 2026",Enabled,MAVIS - North Carolinas 2 - Maximize Conversions - Brand,Maximize Conversions,Limited (budget constrained),Mavis Discount Tire,10,USD,3.5,3.84,4.49,4.49,4.49,13806.15,13806.15,3077.42,0.3768,USD
"February 22, 2026 - February 28, 2026",Enabled,EOC - Southeastern - Maximize Conversion - Non Brand - Services,Maximize Conversions,Active,Express Oil Change & Tire Engineers,9,USD,3.2,3.23,3.84,3.84,3.84,2315.58,2315.58,603.3,0.2691,USD
"February 22, 2026 - February 28, 2026",Enabled,MAVIS - Louisiana - Northern - Maximize Conversions - Brand - Phrase,Maximize Conversions,Inactive,Mavis Discount Tire,4,USD,7.68,0,0,0,0,0,0,0,0,USD
"February 22, 2026 - February 28, 2026",Enabled,NTB - Northeast - Maximize Conversion - Non-Brand - Tires,Maximize Conversions,Limited (budget constrained),NTB,5,USD,4.5,4.5,4.45,4.45,4.45,6404.07,6404.07,1438.44,0.381,USD
"February 22, 2026 - February 28, 2026",Enabled,MAVIS - Illinois 2 - Maximize Conversion Value - Competitor,Target ROAS,Inactive,Mavis Tire Express Services MCC,0,USD, --,0,0,0,0,0,0,0,0,USD
"February 22, 2026 - February 28, 2026",Enabled,MAVIS - New Jersey - Northern - Maximize Conversions - Non-Brand - Tires,Maximize Conversions,Inactive,Mavis Discount Tire,8,USD,20,0,0,0,0,0,0,0,0,USD
"February 22, 2026 - February 28, 2026",Enabled,Miami FL | NB - Tires - E - Enhanced CPC,Enhanced CPC,Inactive,Tire Kingdom,0,USD, --,0,0,0,0,0,0,0,0,USD
"February 22, 2026 - February 28, 2026",Enabled,TUF - Florida - Maximize Conversions (tCPA) - Trademark - Exact,Maximize Conversions,Inactive,Mavis Discount Tire,1,USD,6.4,0,0,0,0,0,0,0,0,USD
"February 22, 2026 - February 28, 2026",Enabled,MAVIS - New York - Ex Westchester - Maximize Conversions - Trademark - Phrase,Maximize Conversions,Inactive,Mavis Discount Tire,1,USD,7.68,0,0,0,0,0,0,0,0,USD
"February 22, 2026 - February 28, 2026",Enabled,MAVIS - New Jersey 2 - Maximize Conversions - Non-Brand - Brakes,Maximize Conversions,Limited (budget constrained),Mavis Discount Tire,2,USD,9.5,10,11.37,11.37,11.37,1554.95,1554.95,136.78,0.261,USD
"February 22, 2026 - February 28, 2026",Enabled,MAVIS - Georgia - Maximize Conversions - Non-Brand - New Stores,Maximize Conversions,Active,Mavis Tire Express Services MCC,3,USD,7.5,7.5,8.31,8.31,8.31,170.42,170.42,20.51,0.4363,USD
"February 22, 2026 - February 28, 2026",Enabled,Enhanced,Enhanced CPC,Inactive,Tire Kingdom,0,USD, --,0,0,0,0,0,0,0,0,USD
"February 22, 2026 - February 28, 2026",Enabled,MAVIS - New York - Ex Westchester - Maximize Conversions - Brand - Phrase,Maximize Conversions,Inactive,Mavis Discount Tire,6,USD,7.68,0,0,0,0,0,0,0,0,USD
"February 22, 2026 - February 28, 2026",Enabled,MAVIS - Illinois - Maximize Conversions Non-Brand - Oil Change,Target CPA,Limited (budget constrained),Mavis Discount Tire,1,USD,4.75,4.75,5.49,5.49,5.49,437.33,437.33,79.68,0.2995,USD
"February 22, 2026 - February 28, 2026",Enabled,MAVIS - Georgia - Southern - Maximize Conversions - Brand - Phrase,Maximize Conversions,Inactive,Mavis Discount Tire,6,USD,7.68,0,0,0,0,0,0,0,0,USD
"February 22, 2026 - February 28, 2026",Enabled,MAVIS - Pennsylvania - Maximize Conversions - Brand - Phrase,Maximize Conversions,Inactive,Mavis Discount Tire,7,USD,7.68,0,0,0,0,0,0,0,0,USD
"February 22, 2026 - February 28, 2026",Enabled,MAVIS - Louisiana - Maximize Conversions - Brand - Phrase,Maximize Conversions,Inactive,Mavis Discount Tire,6,USD,7.68,0,0,0,0,0,0,0,0,USD
"February 22, 2026 - February 28, 2026",Enabled,MAVIS - Illinois 2 - Maximize Conversions - Non-Brand - Brakes,Maximize Conversions,Limited (budget constrained),Mavis Discount Tire,2,USD,7,8.75,10.63,10.63,10.63,1554.92,1554.92,146.26,0.276,USD
"February 22, 2026 - February 28, 2026",Enabled,MAVIS - Texas - Maximize Conversions - Trademark - Exact,Maximize Conversions,Inactive,Mavis Discount Tire,1,USD,5.12,0,0,0,0,0,0,0,0,USD
"February 22, 2026 - February 28, 2026",Enabled,MAVIS - Northern Regions - Maximize Conversions (tCPA) - CP,Maximize Conversions,Inactive,Mavis Discount Tire,24,USD,12.8,0,0,0,0,0,0,0,0,USD
"February 22, 2026 - February 28, 2026",Enabled,MAVIS - Maximize Conversions - Non-Brand - New Stores,Maximize Conversions,Inactive,Mavis Discount Tire,5,USD,10,0,0,0,0,0,0,0,0,USD
"February 22, 2026 - February 28, 2026",Enabled,MAVIS - New Jersey - Northern - Maximize Conversions - Trademark - Phrase,Maximize Conversions,Inactive,Mavis Discount Tire,1,USD,7.68,0,0,0,0,0,0,0,0,USD
"February 22, 2026 - February 28, 2026",Enabled,NTB - Texas - Maximize Conversion - Non-Brand - Services,Maximize Conversions,Limited (budget constrained),NTB,6,USD,11.5,11.5,10.46,10.46,10.46,2743.49,2743.49,262.17,0.2766,USD
"February 22, 2026 - February 28, 2026",Enabled,zz_MAVIS - Texas - Maximize Conversions (tCPA) - Non-Brand - Phrase,Maximize Conversions,Inactive,Mavis Discount Tire,0,USD, --,0,0,0,0,0,0,0,0,USD
"February 22, 2026 - February 28, 2026",Enabled,MAVIS - Louisiana - Northern - Maximize Conversions - Brand - Exact,Maximize Conversions,Inactive,Mavis Discount Tire,4,USD,7.68,0,0,0,0,0,0,0,0,USD
"February 22, 2026 - February 28, 2026",Enabled,NTB - Southeast - Maximize Conversion - Non-Brand - Tires,Maximize Conversions,Limited (budget constrained),NTB,4,USD,4.7,5.47,6.17,6.17,6.17,2968.89,2968.89,481.06,0.335,USD
"February 22, 2026 - February 28, 2026",Enabled,MAVIS - New York - Connecticut - Maximize Conversions - BR & NB - MMW,Target CPA,Inactive,Mavis Discount Tire,2,USD,18,0,0,0,0,0,0,0,0,USD
"February 22, 2026 - February 28, 2026",Enabled,MAVIS - Florida - Maximize Conversions - Trademark - Exact,Maximize Conversions,Inactive,Mavis Discount Tire,1,USD,5.12,0,0,0,0,0,0,0,0,USD
"February 22, 2026 - February 28, 2026",Enabled,MAVIS - Alabama - Maximize Conversions - Competitors,Maximize Conversions,Active,Mavis Tire Express Services MCC,4,USD,5,5.25,6.16,6.16,6.16,1047.92,1047.92,170.11,0.3706,USD
"February 22, 2026 - February 28, 2026",Enabled,MAVIS - Illinois - Maximize Conversions - Brand - Exact,Maximize Conversions,Inactive,Mavis Discount Tire,6,USD,7.68,0,0,0,0,0,0,0,0,USD
"February 22, 2026 - February 28, 2026",Enabled,MAVIS - New York - Central - Maximize Conversions - Non-Brand - Tires,Maximize Conversions,Inactive,Mavis Discount Tire,8,USD,18,0,0,0,0,0,0,0,0,USD
"February 22, 2026 - February 28, 2026",Enabled,West Palm Beach FL | Brand - Tire Kingdom Trademark - E - Enhanced CPC,Enhanced CPC,Inactive,Tire Kingdom,0,USD, --,0,0,0,0,0,0,0,0,USD
"February 22, 2026 - February 28, 2026",Enabled,MELVIN 2 - Rhode Island Maximize Conversions - Non-Brand - Tires,Maximize Conversions,Inactive,Mavis Discount Tire,1,USD,8,0,0,0,0,0,0,0,0,USD
"February 22, 2026 - February 28, 2026",Enabled,MAVIS - TEXAS - Maximize Conversions - Non-Brand - Brakes,Maximize Conversions,Limited (budget constrained),Mavis Discount Tire,1,USD,7,9.59,11.15,11.15,11.15,2160.82,2160.82,193.82,0.3412,USD
"February 22, 2026 - February 28, 2026",Enabled,MAVIS - Pennsylvania 2 - Maximize Conversions - Non-Brand - Tires,Maximize Conversions,Limited (budget constrained),Mavis Discount Tire,5,USD,4.75,6.25,7.28,7.28,7.28,21657.58,21657.58,2976.96,0.3553,USD
"February 22, 2026 - February 28, 2026",Enabled,TUF 2 - National - Maximize Conversions - Non-Brand - Tires,Maximize Conversions,Limited (budget constrained),Mavis Discount Tire,4,USD,6.5,6.5,7.79,7.79,7.79,6934.07,6934.07,890.2,0.3231,USD
"February 22, 2026 - February 28, 2026",Enabled,Southeastern - BR,Maximize Conversions,Inactive,Express Oil Change & Tire Engineers,0,USD,13.72,0,0,0,0,0,0,0,0,USD
"February 22, 2026 - February 28, 2026",Enabled,TUF - Carolinas - Maximize Conversions (tCPA) - Brand - Phrase,Maximize Conversions,Inactive,Mavis Discount Tire,3,USD,9.6,0,0,0,0,0,0,0,0,USD
"February 22, 2026 - February 28, 2026",Enabled,MAVIS - New York - Long Island 2 - Maximize Conversions - Non-Brand - Tires,Maximize Conversions,Limited (budget constrained),Mavis Discount Tire,6,USD,6,6.47,7.62,7.62,7.62,6760.47,6760.47,887.68,0.3144,USD
"February 22, 2026 - February 28, 2026",Enabled,TUF - Carolinas - Maximize Conversions (tCPA) - Brand - Exact,Maximize Conversions,Inactive,Mavis Discount Tire,3,USD,9.6,0,0,0,0,0,0,0,0,USD
"February 22, 2026 - February 28, 2026",Enabled,TUF - All Regions - Maximize Conversions (tCPA) - CP,Maximize Conversions,Inactive,Mavis Discount Tire,8,USD,10,0,0,0,0,0,0,0,0,USD
"February 22, 2026 - February 28, 2026",Enabled,EOC - Central Eastern - Maximize Conversion - Competitors,Maximize Conversions,Active,Express Oil Change & Tire Engineers,7,USD,3.5,3.5,4.33,4.33,4.33,1219.22,1219.22,281.49,0.2798,USD
"February 22, 2026 - February 28, 2026",Enabled,NTB - Northeast - Maximize Conversion - Brand,Maximize Conversions,Limited (budget constrained),NTB,7,USD,4.2,5.17,5.39,5.39,5.39,11425.86,11425.86,2120.33,0.3986,USD
"February 22, 2026 - February 28, 2026",Enabled,BP - Colorado - Maximize Conversion - Non Brand - Brakes,Maximize Conversions,Limited (budget constrained),Brakes Plus,1,USD,19.32,19.32,23.27,23.27,23.27,5712.98,5712.98,245.56,0.2293,USD
"February 22, 2026 - February 28, 2026",Enabled,BP - Texas - Maximize Conversion - Competitors,Maximize Conversions,Active,Brakes Plus,5,USD,4,5.38,6.22,6.22,6.22,921.02,921.02,147.98,0.3155,USD
"February 22, 2026 - February 28, 2026",Enabled,MAVIS - Georgia - Savannah - Maximize Conversions - Trademark - Phrase,Maximize Conversions,Inactive,Mavis Discount Tire,1,USD,7.68,0,0,0,0,0,0,0,0,USD
"February 22, 2026 - February 28, 2026",Enabled,JWT - Pennsylvania - Maximize Conversions (tCPA) - Non-Brand - Tires,Maximize Conversions,Inactive,Mavis Discount Tire,9,USD,5,0,0,0,0,0,0,0,0,USD
"February 22, 2026 - February 28, 2026",Enabled,NTB - Virginias - Maximize Conversion - Non-Brand - Services,Maximize Conversions,Active,NTB,6,USD,6.4,6.4,7,7,7,2183.89,2183.89,312.11,0.3411,USD
"February 22, 2026 - February 28, 2026",Enabled,BP - Southwest - PP 0824 - Maximize Conversion - Non Brand - Brakes,Maximize Conversions,Inactive,Brakes Plus,1,USD,11.7,0,0,0,0,0,0,0,0,USD
"February 22, 2026 - February 28, 2026",Enabled,JWT - Pennsylvania - Maximize Conversions (tCPA) - Trademark - Exact,Maximize Conversions,Active,Mavis Discount Tire,1,USD,6,6,6.16,6.16,6.16,647.6,647.6,105.2,0.353,USD
"February 22, 2026 - February 28, 2026",Enabled,West Palm Beach FL | NB - Tires - E - Enhanced CPC,Enhanced CPC,Inactive,Tire Kingdom,0,USD, --,0,0,0,0,0,0,0,0,USD
"February 22, 2026 - February 28, 2026",Enabled,EOC Central Eastern - Maximize Conversion - Non Brand -Services,Maximize Conversions,Active,Express Oil Change & Tire Engineers,9,USD,4.2,4.23,4.95,4.95,4.95,6142.03,6142.03,1240.88,0.3234,USD
"February 22, 2026 - February 28, 2026",Enabled,MAVIS - Illinois 2 - Maximize Conversion Value - Non Brand - Services,Target ROAS,Inactive,Mavis Tire Express Services MCC,0,USD, --,0,0,0,0,0,0,0,0,USD
"February 22, 2026 - February 28, 2026",Enabled,NTB - Midwest - Maximize Conversion - Non-Brand - Auto Service,Maximize Conversions,Limited (budget constrained),NTB,1,USD,4.5,5.24,6.37,6.37,6.37,702.66,702.66,110.24,0.3261,USD
"February 22, 2026 - February 28, 2026",Enabled,MAVIS - New York - Hudson Valley - Maximize Conversions Non-Brand - Oil Change,Target CPA,Limited (budget constrained),Mavis Discount Tire,1,USD,10,10,11.05,11.05,11.05,1767.48,1767.48,160,0.2968,USD
"February 22, 2026 - February 28, 2026",Enabled,EOC - Southern - Maximize Conversion - Non Brand - Services,Maximize Conversions,Active,Express Oil Change & Tire Engineers,6,USD,3.5,3.65,4.15,4.15,4.15,2938.56,2938.56,707.35,0.2637,USD
"February 22, 2026 - February 28, 2026",Enabled,MAVIS - Illinois - Maximize Conversions - Non-Brand - Tires,Maximize Conversions,Inactive,Mavis Discount Tire,8,USD,25.6,0,0,0,0,0,0,0,0,USD
"February 22, 2026 - February 28, 2026",Enabled,TK - Florida - Maximize Conversions - Oil Change,Maximize Conversions,Limited (budget constrained),Tire Kingdom,1,USD,8,8,8.87,8.87,8.87,3145.93,3145.93,354.81,0.2873,USD
"February 22, 2026 - February 28, 2026",Enabled,NTB - Carolinas - Maximize Conversion - Non-Brand - Tires,Maximize Conversions,Limited (budget constrained),NTB,4,USD,4.4,4.4,4.7,4.7,4.7,1165.94,1165.94,247.82,0.3634,USD
"February 22, 2026 - February 28, 2026",Enabled,Southwest - CP - Adobe,Maximize Conversions,Inactive,Brakes Plus,0,USD,11,0,0,0,0,0,0,0,0,USD
"February 22, 2026 - February 28, 2026",Enabled,EOC - Southern - Maximize Conversion - Brand,Maximize Conversions,Active,Express Oil Change & Tire Engineers,7,USD,3,3.09,3.98,3.98,3.98,7263.75,7263.75,1824.95,0.4167,USD
"February 22, 2026 - February 28, 2026",Enabled,ADT - New York - Maximize Conversions - Competitors,Maximize Conversions,Active,Mavis Tire Express Services MCC,4,USD,10.84,10.84,12.02,12.02,12.02,467.46,467.46,38.9,0.272,USD
"February 22, 2026 - February 28, 2026",Enabled,MAVIS - South Carolina - Maximize Conversions - Trademark - Phrase,Maximize Conversions,Inactive,Mavis Discount Tire,1,USD,7.68,0,0,0,0,0,0,0,0,USD
"February 22, 2026 - February 28, 2026",Enabled,MAVIS - Gulf States - Maximize Conversions - Non-Brand - Tires,Maximize Conversions,Active,Mavis Discount Tire,5,USD,3.5,4.3,4.7,4.7,4.7,3889.5,3889.5,828.37,0.3743,USD
"February 22, 2026 - February 28, 2026",Enabled,MAVIS - New York - Westchester - Maximize Conversions - Non-Brand - Tires,Maximize Conversions,Inactive,Mavis Discount Tire,8,USD,25.6,0,0,0,0,0,0,0,0,USD
"February 22, 2026 - February 28, 2026",Enabled,MAVIS - New York - NYC Boroughs - Maximize Conversions - Brand - Phrase,Maximize Conversions,Inactive,Mavis Discount Tire,7,USD,7.68,0,0,0,0,0,0,0,0,USD
"February 22, 2026 - February 28, 2026",Enabled,MAVIS - TEXAS - Maximize Conversions - Brand,Maximize Conversions,Active,Mavis Discount Tire,4,USD,4.3,4.7,4.83,4.83,4.83,5010.82,5010.82,1036.7,0.3158,USD
"February 22, 2026 - February 28, 2026",Enabled,MAVIS - New York - West Central - Maximize Conversions - Non-Brand - Auto Service,Maximize Conversions,Active,Mavis Discount Tire,1,USD,2.55,2.87,3.23,3.23,3.23,269.6,269.6,83.49,0.5122,USD
"February 22, 2026 - February 28, 2026",Enabled,TUF - Illinois - Maximize Conversions (tCPA) - Brand - Phrase,Maximize Conversions,Inactive,Mavis Discount Tire,3,USD,9.6,0,0,0,0,0,0,0,0,USD
"February 22, 2026 - February 28, 2026",Enabled,MAVIS - New York - Westchester - Maximize Conversions - Brand - Exact,Maximize Conversions,Inactive,Mavis Discount Tire,7,USD,7.68,0,0,0,0,0,0,0,0,USD
"February 22, 2026 - February 28, 2026",Enabled,MAVIS - New Jersey - Southern - Maximize Conversions - Trademark - Phrase,Maximize Conversions,Inactive,Mavis Discount Tire,1,USD,7.68,0,0,0,0,0,0,0,0,USD
"February 22, 2026 - February 28, 2026",Enabled,NTB - Midwest - Maximize Conversion - Brand,Maximize Conversions,Active,NTB,7,USD,4.3,4.95,5.24,5.24,5.24,7897.48,7897.48,1507.45,0.4072,USD
"February 22, 2026 - February 28, 2026",Enabled,MAVIS - Massachusetts 2 - Maximize Conversions - Non-Brand - Auto Service,Maximize Conversions,Limited (budget constrained),Mavis Discount Tire,1,USD,2.75,2.75,3.12,3.12,3.12,107.17,107.17,34.4,0.3127,USD
"February 22, 2026 - February 28, 2026",Enabled,MAVIS - New Jersey - Maximize Conversions - Non-Brand - State Inspection,Maximize Conversions,Inactive,Mavis Discount Tire,1,USD,9,0,0,0,0,0,0,0,0,USD
"February 22, 2026 - February 28, 2026",Enabled,MAVIS - Texas - Maximize Conversions - Non-Brand - Services,Maximize Conversions,Inactive,Mavis Discount Tire,8,USD,20.48,0,0,0,0,0,0,0,0,USD
"February 22, 2026 - February 28, 2026",Enabled,NTB - Southeast - Maximize Conversion - Non-Brand - Auto Service,Maximize Conversions,Limited (budget constrained),NTB,1,USD,5.5,6.5,6.27,6.27,6.27,456.42,456.42,72.83,0.3587,USD
"February 22, 2026 - February 28, 2026",Enabled,NTB - Northeast - Maximize Conversions Non-Brand - Oil Change,Target CPA,Active,NTB,1,USD,7,7,8.37,8.37,8.37,1072.93,1072.93,128.18,0.2756,USD
"February 22, 2026 - February 28, 2026",Enabled,MAVIS - New York - West Central - Maximize Conversions - Non-Brand - Services,Maximize Conversions,Limited (budget constrained),Mavis Discount Tire,1,USD,4.68,5.18,6.05,6.05,6.05,2156.7,2156.7,356.61,0.3927,USD
"February 22, 2026 - February 28, 2026",Enabled,MAVIS - North Carolina - Maximize Conversions - Trademark - Exact,Maximize Conversions,Inactive,Mavis Discount Tire,1,USD,5.12,0,0,0,0,0,0,0,0,USD
"February 22, 2026 - February 28, 2026",Enabled,MAVIS - Pennsylvania - Maximize Conversions - Non-Brand - Tires,Maximize Conversions,Inactive,Mavis Discount Tire,8,USD,20,0,0,0,0,0,0,0,0,USD
"February 22, 2026 - February 28, 2026",Enabled,EOC - Southern - Maximize Conversion - Oil Change,Maximize Conversions,Active,Express Oil Change & Tire Engineers,6,USD,4.4,4.1,4.45,4.45,4.45,10524.08,10524.08,2363.89,0.474,USD
"February 22, 2026 - February 28, 2026",Enabled,NTB - Texas - Maximize Conversion - Non-Brand - Brakes,Maximize Conversions,Active,NTB,2,USD,13,13,13.57,13.57,13.57,1529.48,1529.48,112.69,0.2192,USD
"February 22, 2026 - February 28, 2026",Enabled,MAVIS - Louisiana - Maximize Conversions - Non-Brand - Tires,Maximize Conversions,Inactive,Mavis Discount Tire,8,USD,25.6,0,0,0,0,0,0,0,0,USD
"February 22, 2026 - February 28, 2026",Enabled,MAVIS - New Jersey - Southern - Maximize Conversions - Brand - Phrase,Maximize Conversions,Inactive,Mavis Discount Tire,7,USD,6.14,0,0,0,0,0,0,0,0,USD
"February 22, 2026 - February 28, 2026",Enabled,MAVIS - Massachussetts - Maximize Conversions - Brand - Phrase,Maximize Conversions,Inactive,Mavis Discount Tire,6,USD,7.68,0,0,0,0,0,0,0,0,USD
"February 22, 2026 - February 28, 2026",Enabled,MAVIS - South Carolinas 2 - Maximize Conversions - Non-Brand - Brakes,Maximize Conversions,Limited (budget constrained),Mavis Discount Tire,1,USD,5.15,5.68,6.39,6.39,6.39,1312.54,1312.54,205.34,0.3296,USD
"February 22, 2026 - February 28, 2026",Enabled,Miami FL | Brand - Tire Kingdom Trademark - B - Enhanced CPC,Enhanced CPC,Inactive,Tire Kingdom,0,USD, --,0,0,0,0,0,0,0,0,USD
"February 22, 2026 - February 28, 2026",Enabled,TK - Florida - Maximize Conversions - Non-Brand - Services,Maximize Conversions,Limited (budget constrained),Tire Kingdom,4,USD,6.8,6.8,7.01,7.01,7.01,8311.31,8311.31,1186.45,0.3036,USD
"February 22, 2026 - February 28, 2026",Enabled,MAVIS - Louisiana - Northern - Maximize Conversions - Trademark - Exact,Maximize Conversions,Inactive,Mavis Discount Tire,1,USD,5.12,0,0,0,0,0,0,0,0,USD
"February 22, 2026 - February 28, 2026",Enabled,NTB - Dallas PP 1224 - Maximize Conversion - Competitors,Target CPA,Inactive,NTB,4,USD,14.3,0,0,0,0,0,0,0,0,USD
"February 22, 2026 - February 28, 2026",Enabled,MAVIS - New York - Long Island - Maximize Conversions - Trademark - Exact,Maximize Conversions,Inactive,Mavis Discount Tire,1,USD,5.12,0,0,0,0,0,0,0,0,USD
"February 22, 2026 - February 28, 2026",Enabled,MAVIS - New York - NYC Boroughs - Maximize Conversions - Non-Brand - Inspection,Maximize Conversions,Limited (budget constrained),Mavis Discount Tire,1,USD,4,4.25,4.02,4.02,4.02,286.65,286.65,71.28,0.2958,USD
"February 22, 2026 - February 28, 2026",Enabled,BP - MIDWEST - Maximize Conversions - Non-Brand - New Stores,Maximize Conversions,Inactive,Mavis Tire Express Services MCC,1,USD,6.75,0,0,0,0,0,0,0,0,USD
"February 22, 2026 - February 28, 2026",Enabled,TUF - Florida - Maximize Conversions (tCPA) - Trademark - Phrase,Maximize Conversions,Inactive,Mavis Discount Tire,1,USD,8,0,0,0,0,0,0,0,0,USD
"February 22, 2026 - February 28, 2026",Enabled,TUF - Illinois - Maximize Conversions (tCPA) - Trademark - Phrase,Maximize Conversions,Inactive,Mavis Discount Tire,1,USD,7,0,0,0,0,0,0,0,0,USD
"February 22, 2026 - February 28, 2026",Enabled,TUF - Florida - Maximize Conversions (tCPA) - Non-Brand - Tires,Maximize Conversions,Inactive,Mavis Discount Tire,8,USD,17,0,0,0,0,0,0,0,0,USD
"February 22, 2026 - February 28, 2026",Enabled,MAVIS - Georgia - Savannah - Maximize Conversions - Trademark - Exact,Maximize Conversions,Inactive,Mavis Discount Tire,1,USD,5.12,0,0,0,0,0,0,0,0,USD
"February 22, 2026 - February 28, 2026",Enabled,zz_MAVIS - Georgia - Savannah - Maximize Conversions (tCPA) - Non-Brand - Exact,Maximize Conversions,Inactive,Mavis Discount Tire,0,USD, --,0,0,0,0,0,0,0,0,USD
"February 22, 2026 - February 28, 2026",Enabled,BP -Midwest - PP 1124 - Maximize Conversion - Brand,Maximize Conversions,Inactive,Brakes Plus,4,USD,9,0,0,0,0,0,0,0,0,USD
