Dates,Account name,Customer ID,Campaign,Campaign bid strategy,Currency code,Cost,Impr.,Search impr. share,Search lost IS (budget),Search lost IS (rank),Clicks,Click share,Phone calls,Conversions,Cost / conv.,Avg. target CPA,Marchex Landing Page Calls,Marchex Landing Page Calls,Marchex Landing Page Calls,Marchex Landing Page Calls,Marchex Landing Page Calls,Reservation Confirmation (Google Pixel),Reservation Confirmation (Google Pixel),Reservation Confirmation (Google Pixel),Reservation Confirmation (Google Pixel),Reservation Confirmation (Google Pixel),Total Available Impr.,Lost to Budget,Lost to Rank,LP Calls,Web Reservations,Calls,Resv.,Main Conversions,tCPA,Brand,Engine,Camp Type,Category,Category 1,Category 2,Region,Category 3
"February 22, 2026 - February 28, 2026",Brakes Plus,982-126-2988,BP_G_PMX_TEXAS, --,USD,4470.63,183263,0.3748,0.218,0.4072,2725,0.1094,574,567.9,7.87,6.25,1,0,0,0,0,35.61,0,0,0,0,488962,106593.716,199105.3264,1,35.61,575,36,611,,BP,G,PMX,PMX,PMX,PMX,TEXAS,0
"February 22, 2026 - February 28, 2026",Brakes Plus,982-126-2988,BP_G_PMX_COLORADO, --,USD,2254.24,115743,0.3722,0.0562,0.5717,1305,0.1072,261,283.56,7.95,6.25,1,0,0,0,0,43.19,0,0,0,0,310970,17476.514,177781.549,1,43.19,262,43,305,,BP,G,PMX,PMX,PMX,PMX,COLORADO,0
"February 22, 2026 - February 28, 2026",Brakes Plus,982-126-2988,BP_G_PMX_ARIZONA, --,USD,2835.02,85897,0.3861,0.1307,0.4833,1511,0.1216,384,425.94,6.66,6.25,1,0,0,0,0,65.87,0,0,0,0,222473,29077.221100000002,107521.2009,1,65.87,385,66,451,,BP,G,PMX,PMX,PMX,PMX,ARIZONA,0
"February 22, 2026 - February 28, 2026",Brakes Plus,982-126-2988,BP_G_SEM_NB_TEXAS_OTHER SERVICES,BP - Texas - Maximize Conversion - Non Brand - Services,USD,4172.66,54648,0.2633,0.1511,0.5856,2520,0.1533,542,598.98,6.97,0,4.5,0,0,0,0,82.28,0,0,0,0,207550,31360.805000000004,121541.28,4.5,82.28,547,82,629,5.5,BP,G,SEM,NB OTHER SERVICES,NB,OTHER SERVICES,TEXAS,OTHER SERVICES
"February 22, 2026 - February 28, 2026",Brakes Plus,982-126-2988,BP_G_PMX_MIDWEST, --,USD,1782.94,49587,0.4134,0,0.5866,837,0.1494,256,258.16,6.91,6.25,2.2,0,0,0,0,19.07,0,0,0,0,119949,0,70362.0834,2.2,19.07,258,19,277,,BP,G,PMX,PMX,0,0,MIDWEST,0
"February 22, 2026 - February 28, 2026",Brakes Plus,982-126-2988,BP_G_SEM_NB_TEXAS_OIL CHANGE,BP - Texas - Maximize Conversion - Oil Change,USD,5152.78,39637,0.3019,0.0706,0.6276,1889,0.2005,271,426.4,12.08,0,23,0,0,0,0,148.58,0,0,0,0,131292,9269.215199999999,82398.8592,23,148.58,294,149,443,10,BP,G,SEM,NB OIL CHANGE,NB,OIL CHANGE,TEXAS,OIL CHANGE
"February 22, 2026 - February 28, 2026",Brakes Plus,982-126-2988,BP_G_SEM_NB_TEXAS_BRAKES,BP - Texas - Maximize Conversion - Non Brand - Brakes,USD,6285.88,25148,0.3202,0.0003,0.6795,2035,0.2797,428,562.83,11.17,0,16.5,0,0,0,0,146.09,0,0,0,0,78538,23.5614,53366.570999999996,16.5,146.09,445,146,591,11,BP,G,SEM,NB BRAKES,NB,BRAKES,TEXAS,BRAKES
"February 22, 2026 - February 28, 2026",Brakes Plus,982-126-2988,BP_G_SEM_NB_MIDWEST_OIL CHANGE,BP - Midwest - Maximize Conversion - Oil Change,USD,7009.64,20859,0.504,0.0011,0.4949,1622,0.4843,189,418.68,16.74,0,22.33,0,0,0,0,211.06,0,0,0,0,41387,45.5257,20482.4263,22.33,211.06,211,211,422,15,BP,G,SEM,NB OIL CHANGE,NB,OIL CHANGE,MIDWEST,OIL CHANGE
"February 22, 2026 - February 28, 2026",Brakes Plus,982-126-2988,BP_G_SEM_NB_ARIZONA_OIL CHANGE,BP - Arizona - Maximize Conversion - Oil Change,USD,4558.3,19250,0.3629,0.0128,0.6244,1426,0.2701,173,339.6,13.42,0,22,0,0,0,0,139.43,0,0,0,0,53045,678.976,33121.297999999995,22,139.43,195,139,334,11,BP,G,SEM,NB OIL CHANGE,NB,OIL CHANGE,ARIZONA,OIL CHANGE
"February 22, 2026 - February 28, 2026",Brakes Plus,982-126-2988,BP_G_SEM_NB_COLORADO_OIL CHANGE,BP - Colorado - Maximize Conversion - Oil Change,USD,4983.85,19207,0.375,0.0266,0.5984,1119,0.2588,134,277.32,17.97,0,19.5,0,0,0,0,115,0,0,0,0,51219,1362.4253999999999,30649.449600000004,19.5,115,154,115,269,15,BP,G,SEM,NB OIL CHANGE,NB,OIL CHANGE,COLORADO,OIL CHANGE
"February 22, 2026 - February 28, 2026",Brakes Plus,982-126-2988,BP_G_SEM_NB_TEXAS_WHEEL ALIGNMENT,BP - Texas - Maximize Conversion - Non Brand - Wheel Alignment,USD,3552.05,16552,0.4192,0.0107,0.5701,1283,0.3076,263,341.88,10.39,0,15.5,0,0,0,0,77.5,0,0,0,0,39485,422.48949999999996,22510.398500000003,15.5,77.5,279,78,356,9,BP,G,SEM,NB WHEEL ALIGNMENT,NB,WHEEL ALIGNMENT,TEXAS,WHEEL ALIGNMENT
"February 22, 2026 - February 28, 2026",Brakes Plus,982-126-2988,BP_G_SEM_NB_MIDWEST_OTHER SERVICES,BP - Midwest - Maximize Conversion - Non Brand - Services,USD,1581.46,16455,0.2958,0,0.7042,614,0.1712,198,209.01,7.57,0,3,0,0,0,0,24.5,0,0,0,0,55629,0,39173.9418,3,24.5,201,25,226,6.5,BP,G,SEM,NB OTHER SERVICES,NB,OTHER SERVICES,MIDWEST,OTHER SERVICES
"February 22, 2026 - February 28, 2026",Brakes Plus,982-126-2988,BP_G_SEM_NB_COLORADO_BRAKES,BP - Colorado - Maximize Conversion - Non Brand - Brakes,USD,5712.98,14662,0.3556,0.0051,0.6394,1071,0.426,148,245.56,23.27,0,14,0,0,0,0,85.58,0,0,0,0,41232,210.28320000000002,26363.7408,14,85.58,162,86,248,19.32,BP,G,SEM,NB BRAKES,NB,BRAKES,COLORADO,BRAKES
"February 22, 2026 - February 28, 2026",Brakes Plus,982-126-2988,BP_G_SEM_NB_ARIZONA_BRAKES,BP - Arizona - Maximize Conversion - Non Brand - Brakes,USD,6429.3,14427,0.3719,0.048,0.5801,1331,0.4187,229,315.02,20.41,0,18.5,0,0,0,0,74.03,0,0,0,0,38793,1862.064,22503.8193,18.5,74.03,248,74,322,16,BP,G,SEM,NB BRAKES,NB,BRAKES,ARIZONA,BRAKES
"February 22, 2026 - February 28, 2026",Brakes Plus,982-126-2988,BP_G_SEM_BR_COLORADO_BRAND ONLY,BP - Colorado - Maximize Conversion - Brand,USD,3458.14,9111,0.8499,0,0.1501,2536,0.5972,741,1148.07,3.01,0,20,0,0,0,0,440.18,0,0,0,0,10720,0,1609.0720000000001,20,440.18,761,440,1201,2.5,BP,G,SEM,BR,BR,BR,COLORADO,BRAND ONLY
"February 22, 2026 - February 28, 2026",Brakes Plus,982-126-2988,BP_G_SEM_CP_COLORADO_COMPETITION,BP - Colorado - Maximize Conversion - Competitors,USD,358.19,9030,0.3339,0.0005,0.6656,175,0.05,51,47.33,7.57,0,3.5,0,0,0,0,3.83,0,0,0,0,27044,13.522,18000.486399999998,3.5,3.83,55,4,58,4,BP,G,SEM,CP,CP,CP,COLORADO,COMPETITION
"February 22, 2026 - February 28, 2026",Brakes Plus,982-126-2988,BP_G_SEM_BR_TEXAS_BRAND ONLY,BP - Texas - Maximize Conversion - Brand,USD,3056.68,8502,0.8595,0,0.1405,2209,0.6323,572,741.22,4.12,0,18,0,0,0,0,214.57,0,0,0,0,9892,0,1389.8260000000002,18,214.57,590,215,805,3.5,BP,G,SEM,BR,BR,BR,TEXAS,BRAND ONLY
"February 22, 2026 - February 28, 2026",Brakes Plus,982-126-2988,BP_G_SEM_NB_MIDWEST_BRAKES,BP - Midwest - Maximize Conversion - Non Brand - Brakes,USD,2577.14,8350,0.3528,0,0.6472,611,0.3704,120,157.06,16.41,0,10,0,0,0,0,39.03,0,0,0,0,23668,0,15317.9296,10,39.03,130,39,169,14.85,BP,G,SEM,NB BRAKES,NB,BRAKES,MIDWEST,BRAKES
"February 22, 2026 - February 28, 2026",Brakes Plus,982-126-2988,BP_G_SEM_NB_COLORADO_OTHER SERVICES,BP - Colorado - Maximize Conversion - Non Brand - Services,USD,579.04,7789,0.1526,0.0082,0.8391,267,0.05,87,96.65,5.99,0,1,0,0,0,0,10.5,0,0,0,0,51042,418.54440000000005,42829.3422,1,10.5,88,11,99,5,BP,G,SEM,NB OTHER SERVICES,NB,OTHER SERVICES,COLORADO,OTHER SERVICES
"February 22, 2026 - February 28, 2026",Brakes Plus,982-126-2988,BP_G_SEM_BR_COLORADO_BRAND+,BP - Colorado - Maximize Conversion - Brand,USD,3165.57,7399,0.8149,0.0016,0.1834,2183,0.5948,766,1011.61,3.13,0,25.99,0,0,0,0,277.99,0,0,0,0,9080,14.528,1665.2720000000002,25.99,277.99,792,278,1070,2.5,BP,G,SEM,BR,BR,BR,COLORADO,BRAND+
"February 22, 2026 - February 28, 2026",Brakes Plus,982-126-2988,BP_G_SEM_NB_COLORADO_WHEEL ALIGNMENT,BP - Colorado - Maximize Conversion - Non Brand - Wheel Alignment,USD,2153.59,7032,0.4737,0.0168,0.5095,606,0.3342,119,194.25,11.09,0,17.5,0,0,0,0,57.25,0,0,0,0,14845,249.396,7563.527499999999,17.5,57.25,137,57,194,9,BP,G,SEM,NB WHEEL ALIGNMENT,NB,WHEEL ALIGNMENT,COLORADO,WHEEL ALIGNMENT
"February 22, 2026 - February 28, 2026",Brakes Plus,982-126-2988,BP_G_SEM_NB_ARIZONA_WHEEL ALIGNMENT,BP - Arizona - Maximize Conversion - Non Brand - Wheel Alignment,USD,1173.03,6646,0.4533,0,0.5467,490,0.3145,73,116.3,10.09,0,9,0,0,0,0,30.75,0,0,0,0,14661,0,8015.168699999999,9,30.75,82,31,113,7.8,BP,G,SEM,NB WHEEL ALIGNMENT,NB,WHEEL ALIGNMENT,ARIZONA,WHEEL ALIGNMENT
"February 22, 2026 - February 28, 2026",Brakes Plus,982-126-2988,BP_G_SEM_CP_TEXAS_Competition,BP - Texas - Maximize Conversion - Competitors,USD,605.15,6405,0.4139,0,0.5861,312,0.2048,88,97.41,6.21,0,5,0,0,0,0,17.5,0,0,0,0,15475,0,9069.8975,5,17.5,93,18,111,4,BP,G,SEM,CP,CP,CP,TEXAS,Competition
"February 22, 2026 - February 28, 2026",Brakes Plus,982-126-2988,BP_G_SEM_BR_TEXAS_BRAND+,BP - Texas - Maximize Conversion - Brand,USD,3108.38,6382,0.9026,0,0.0974,1740,0.6312,611,676.65,4.59,0,10.5,0,0,0,0,116.76,0,0,0,0,7071,0,688.7154,10.5,116.76,622,117,738,3.5,BP,G,SEM,BR,BR,BR,TEXAS,BRAND+
"February 22, 2026 - February 28, 2026",Brakes Plus,982-126-2988,BP_G_SEM_NB_COLORADO_BRAKES_T2,BP - Colorado - T2 -  Maximize Conversion - Non Brand - Brakes,USD,1527.04,6369,0.35,0,0.65,359,0.3478,34,62.68,24.36,0,6,0,0,0,0,18.33,0,0,0,0,18197,0,11828.050000000001,6,18.33,40,18,58,18.63,BP,G,SEM,NB BRAKES T2,NB,BRAKES,COLORADO,BRAKES_T2
"February 22, 2026 - February 28, 2026",Brakes Plus,982-126-2988,BP_G_SEM_NB_ARIZONA_BRAKES_T2,BP - Arizona - T2 -  Maximize Conversion - Non Brand - Brakes,USD,1161.33,6311,0.3472,0,0.6528,372,0.3258,31,60.99,19.04,0,5.5,0,0,0,0,24.15,0,0,0,0,18177,0,11865.945600000001,5.5,24.15,37,24,61,15.37,BP,G,SEM,NB BRAKES T2,NB,BRAKES,ARIZONA,BRAKES_T2
"February 22, 2026 - February 28, 2026",Brakes Plus,982-126-2988,BP_G_SEM_BR_ARIZONA_BRAND ONLY,BP - Arizona - Maximize Conversion - Brand,USD,2232.69,5181,0.8799,0,0.1201,1301,0.664,391,543.13,4.11,0,15,0,0,0,0,169.56,0,0,0,0,5888,0,707.1487999999999,15,169.56,406,170,576,3.5,BP,G,SEM,BR,BR,BR,ARIZONA,BRAND ONLY
"February 22, 2026 - February 28, 2026",Brakes Plus,982-126-2988,BP_G_SEM_CP_TEXAS_FIRESTONE,BP - Texas - Maximize Conversion - Competitors,USD,240.29,4771,0.2849,0,0.7151,109,0.05,38,35.74,6.72,0,1,0,0,0,0,0.5,0,0,0,0,16746,0,11975.0646,1,0.5,39,1,40,4,BP,G,SEM,CP,CP,CP,TEXAS,FIRESTONE
"February 22, 2026 - February 28, 2026",Brakes Plus,982-126-2988,BP_G_SEM_NB_ARIZONA_OTHER SERVICES,BP - Arizona - Maximize Conversion - Non Brand - Services,USD,369.47,4540,0.1343,0.005,0.8606,309,0.1185,49,77,4.8,0,4,0,0,0,0,24.17,0,0,0,0,33805,169.025,29092.583000000002,4,24.17,53,24,77,3.75,BP,G,SEM,NB OTHER SERVICES,NB,OTHER SERVICES,ARIZONA,OTHER SERVICES
"February 22, 2026 - February 28, 2026",Brakes Plus,982-126-2988,BP_G_SEM_BR_MIDWEST_BRAND ONLY,BP - Midwest - Maximize Conversion - Brand,USD,1322.7,4146,0.8789,0,0.1211,1057,0.6258,346,446.84,2.96,0,14,0,0,0,0,124.98,0,0,0,0,4717,0,571.2287,14,124.98,360,125,485,2.5,BP,G,SEM,BR,BR,BR,MIDWEST,BRAND ONLY
"February 22, 2026 - February 28, 2026",Brakes Plus,982-126-2988,BP_G_SEM_NB_MIDWEST_WHEEL ALIGNMENT,BP - Midwest - Maximize Conversion - Non Brand - Wheel Alignment,USD,1194.51,4058,0.5307,0,0.4693,363,0.4702,58,100.99,11.83,0,4,0,0,0,0,36.73,0,0,0,0,7647,0,3588.7371,4,36.73,62,37,99,9,BP,G,SEM,NB WHEEL ALIGNMENT,NB,WHEEL ALIGNMENT,MIDWEST,WHEEL ALIGNMENT
"February 22, 2026 - February 28, 2026",Brakes Plus,982-126-2988,BP_G_SEM_BR_MIDWEST_BRAND+,BP - Midwest - Maximize Conversion - Brand,USD,1757.9,3949,0.8915,0,0.1085,1150,0.6162,419,501.58,3.5,0,14.8,0,0,0,0,116.07,0,0,0,0,4430,0,480.655,14.8,116.07,434,116,550,2.5,BP,G,SEM,BR,BR,BR,MIDWEST,BRAND+
"February 22, 2026 - February 28, 2026",Brakes Plus,982-126-2988,BP_G_SEM_BR_ARIZONA_BRAND+,BP - Arizona - Maximize Conversion - Brand,USD,2034.86,3901,0.9228,0,0.0772,1063,0.6687,365,426.86,4.77,0,13.5,0,0,0,0,89.85,0,0,0,0,4227,0,326.3244,13.5,89.85,379,90,468,3.5,BP,G,SEM,BR,BR,BR,ARIZONA,BRAND+
"February 22, 2026 - February 28, 2026",Brakes Plus,982-126-2988,BP_G_SEM_CP_ARIZONA_Competition,BP - Arizona - Maximize Conversion - Competitors,USD,109.76,2369,0.2214,0,0.7786,103,0.1003,29,37.95,2.89,0,1,0,0,0,0,10.67,0,0,0,0,10700,0,8331.02,1,10.67,30,11,41,2.65,BP,G,SEM,CP,CP,CP,ARIZONA,Competition
"February 22, 2026 - February 28, 2026",Brakes Plus,982-126-2988,BP_G_SEM_BR_TEXAS_BRAND+WHEEL ALIGNMENT,BP - Texas - Maximize Conversion - Brand,USD,773.41,2195,0.8383,0,0.1617,610,0.619,153,170.83,4.53,0,1,0,0,0,0,29.11,0,0,0,0,2618,0,423.3306,1,29.11,154,29,183,3.5,BP,G,SEM,BR,BR,BR,TEXAS,BRAND+WHEEL ALIGNMENT
"February 22, 2026 - February 28, 2026",Brakes Plus,982-126-2988,BP_G_SEM_BR_TEXAS_BRAND+SERVICES,BP - Texas - Maximize Conversion - Brand,USD,368.29,1822,0.772,0,0.228,539,0.6342,74,85.31,4.32,0,3,0,0,0,0,13.67,0,0,0,0,2360,0,538.08,3,13.67,77,14,91,3.5,BP,G,SEM,BR,BR,BR,TEXAS,BRAND+SERVICES
"February 22, 2026 - February 28, 2026",Brakes Plus,982-126-2988,BP_G_SEM_CP_TEXAS_WALMART,BP - Texas - Maximize Conversion - Competitors,USD,36.73,1567,0.2044,0.016,0.7796,23,0.05,6,8.33,4.41,0,0,0,0,0,0,2.5,0,0,0,0,7666,122.656,5976.4136,0,2.5,6,3,9,4,BP,G,SEM,CP,CP,CP,TEXAS,WALMART
"February 22, 2026 - February 28, 2026",Brakes Plus,982-126-2988,BP_G_SEM_BR_COLORADO_BRAND+SERVICES,BP - Colorado - Maximize Conversion - Brand,USD,134.33,1408,0.7378,0,0.2622,505,0.6401,33,48.46,2.77,0,3,0,0,0,0,17.47,0,0,0,0,1908,0,500.2776,3,17.47,36,17,53,2.5,BP,G,SEM,BR,BR,BR,COLORADO,BRAND+SERVICES
"February 22, 2026 - February 28, 2026",Brakes Plus,982-126-2988,BP_G_SEM_BR_ARIZONA_BRAND+SERVICES,BP - Arizona - Maximize Conversion - Brand,USD,585.69,1370,0.845,0,0.155,475,0.6564,133,157.41,3.72,0,0,0,0,0,0,30.61,0,0,0,0,1621,0,251.255,0,30.61,133,31,164,3.5,BP,G,SEM,BR,BR,BR,ARIZONA,BRAND+SERVICES
"February 22, 2026 - February 28, 2026",Brakes Plus,982-126-2988,BP_G_SEM_CP_COLORADO_MIDAS,BP - Colorado - Maximize Conversion - Competitors,USD,33.73,1111,0.4266,0.0005,0.5729,14,0.05,7,5.5,6.13,0,0,0,0,0,0,0,0,0,0,0,2604,1.302,1491.8316,0,0,7,0,7,4,BP,G,SEM,CP,CP,CP,COLORADO,MIDAS
"February 22, 2026 - February 28, 2026",Brakes Plus,982-126-2988,BP_G_SEM_CP_TEXAS_MIDAS,BP - Texas - Maximize Conversion - Competitors,USD,37.92,1077,0.3919,0,0.6081,24,0.1049,7,6.5,5.83,0,0,0,0,0,0,0.5,0,0,0,0,2748,0,1671.0588,0,0.5,7,1,8,4,BP,G,SEM,CP,CP,CP,TEXAS,MIDAS
"February 22, 2026 - February 28, 2026",Brakes Plus,982-126-2988,BP_G_SEM_CP_COLORADO_FIRESTONE,BP - Colorado - Maximize Conversion - Competitors,USD,93.91,1063,0.2537,0,0.7463,40,0.05,16,20.87,4.5,0,1,0,0,0,0,4.87,0,0,0,0,4190,0,3126.997,1,4.87,17,5,22,4,BP,G,SEM,CP,CP,CP,COLORADO,FIRESTONE
"February 22, 2026 - February 28, 2026",Brakes Plus,982-126-2988,BP_G_SEM_BR_COLORADO_BRAND+WHEEL ALIGNMENT,BP - Colorado - Maximize Conversion - Brand,USD,99.9,999,0.7173,0,0.2827,134,0.4097,12,14.99,6.66,0,0,0,0,0,0,5.5,0,0,0,0,1393,0,393.8011,0,5.5,12,6,18,2.5,BP,G,SEM,BR,BR,BR,COLORADO,BRAND+WHEEL ALIGNMENT
"February 22, 2026 - February 28, 2026",Brakes Plus,982-126-2988,BP_G_SEM_CP_MIDWEST_COMPETITION,BP - Midwest - Maximize Conversion - Competitors,USD,57.01,916,0.3773,0,0.6227,25,0.1054,15,12.17,4.69,0,0,0,0,0,0,0,0,0,0,0,2428,0,1511.9156,0,0,15,0,15,4,BP,G,SEM,CP,CP,CP,MIDWEST,COMPETITION
"February 22, 2026 - February 28, 2026",Brakes Plus,982-126-2988,BP_G_SEM_CP_MIDWEST_FIRESTONE,BP - Midwest - Maximize Conversion - Competitors,USD,60.6,849,0.2741,0,0.7259,30,0.1101,6,5.67,10.69,0,0,0,0,0,0,0,0,0,0,0,3097,0,2248.1123,0,0,6,0,6,4,BP,G,SEM,CP,CP,CP,MIDWEST,FIRESTONE
"February 22, 2026 - February 28, 2026",Brakes Plus,982-126-2988,BP_G_SEM_CP_MIDWEST_MIDAS,BP - Midwest - Maximize Conversion - Competitors,USD,66.39,834,0.4611,0,0.5389,30,0.1463,10,11.33,5.86,0,0,0,0,0,0,1.33,0,0,0,0,1809,0,974.8701000000001,0,1.33,10,1,11,4,BP,G,SEM,CP,CP,CP,MIDWEST,MIDAS
"February 22, 2026 - February 28, 2026",Brakes Plus,982-126-2988,BP_G_SEM_BR_ARIZONA_BRAND+WHEEL ALIGNMENT,BP - Arizona - Maximize Conversion - Brand,USD,186.2,790,0.7895,0,0.2105,181,0.531,46,55.61,3.35,0,1,0,0,0,0,9.75,0,0,0,0,1001,0,210.7105,1,9.75,47,10,57,3.5,BP,G,SEM,BR,BR,BR,ARIZONA,BRAND+WHEEL ALIGNMENT
"February 22, 2026 - February 28, 2026",Brakes Plus,982-126-2988,BP_G_SEM_BR_COLORADO_BRAND+OIL CHANGE,BP - Colorado - Maximize Conversion - Brand,USD,87.3,658,0.8144,0,0.1856,174,0.5495,8,20.54,4.25,0,0.5,0,0,0,0,11.46,0,0,0,0,808,0,149.9648,0.5,11.46,9,11,20,2.5,BP,G,SEM,BR,BR,BR,COLORADO,BRAND+OIL CHANGE
"February 22, 2026 - February 28, 2026",Brakes Plus,982-126-2988,BP_G_SEM_BR_TEXAS_BRAND+OIL CHANGE,BP - Texas - Maximize Conversion - Brand,USD,125.42,579,0.8333,0,0.1667,169,0.5833,17,28.85,4.35,0,2,0,0,0,0,10.02,0,0,0,0,695,0,115.8565,2,10.02,19,10,29,3.5,BP,G,SEM,BR,BR,BR,TEXAS,BRAND+OIL CHANGE
"February 22, 2026 - February 28, 2026",Brakes Plus,982-126-2988,BP_G_SEM_CP_MIDWEST_WALMART,BP - Midwest - Maximize Conversion - Competitors,USD,18.81,499,0.3211,0.0142,0.6647,12,0.1024,1,2,9.4,0,0,0,0,0,0,1,0,0,0,0,1554,22.0668,1032.9438,0,1,1,1,2,4,BP,G,SEM,CP,CP,CP,MIDWEST,WALMART
"February 22, 2026 - February 28, 2026",Brakes Plus,982-126-2988,BP_G_SEM_BR_ARIZONA_BRAND+OIL CHANGE,BP - Arizona - Maximize Conversion - Brand,USD,112.03,473,0.8553,0,0.1447,112,0.5846,6,19.5,5.74,0,0,0,0,0,0,12.92,0,0,0,0,553,0,80.0191,0,12.92,6,13,19,3.5,BP,G,SEM,BR,BR,BR,ARIZONA,BRAND+OIL CHANGE
"February 22, 2026 - February 28, 2026",Brakes Plus,982-126-2988,BP_G_SEM_CP_COLORADO_WALMART,BP - Colorado - Maximize Conversion - Competitors,USD,15.12,466,0.175,0,0.825,7,0.05,1,1,15.12,0,0,0,0,0,0,0,0,0,0,0,2663,0,2196.975,0,0,1,0,1,4,BP,G,SEM,CP,CP,CP,COLORADO,WALMART
"February 22, 2026 - February 28, 2026",Brakes Plus,982-126-2988,BP_G_SEM_CP_ARIZONA_FIRESTONE,BP - Arizona - Maximize Conversion - Competitors,USD,12.79,402,0.153,0,0.847,11,0.05,3,5,2.56,0,0,0,0,0,0,2,0,0,0,0,2627,0,2225.069,0,2,3,2,5,2.65,BP,G,SEM,CP,CP,CP,ARIZONA,FIRESTONE
"February 22, 2026 - February 28, 2026",Brakes Plus,982-126-2988,BP_G_SEM_BR_MIDWEST_BRAND+OIL CHANGE,BP - Midwest - Maximize Conversion - Brand,USD,38.58,362,0.7584,0,0.2416,72,0.4984,1,9,4.29,0,0,0,0,0,0,6.83,0,0,0,0,477,0,115.2432,0,6.83,1,7,8,2.5,BP,G,SEM,BR,BR,BR,MIDWEST,BRAND+OIL CHANGE
"February 22, 2026 - February 28, 2026",Brakes Plus,982-126-2988,BP_G_SEM_BR_MIDWEST_BRAND+SERVICES,BP - Midwest - Maximize Conversion - Brand,USD,26.19,337,0.6679,0,0.3321,99,0.5799,7,9.93,2.64,0,2.67,0,0,0,0,1,0,0,0,0,505,0,167.7105,2.67,1,10,1,11,2.5,BP,G,SEM,BR,BR,BR,MIDWEST,BRAND+SERVICES
"February 22, 2026 - February 28, 2026",Brakes Plus,982-126-2988,BP_G_SEM_BR_MIDWEST_BRAND+WHEEL ALIGNMENT,BP - Midwest - Maximize Conversion - Brand,USD,16.54,265,0.7297,0,0.2703,35,0.4,2,5,3.31,0,0,0,0,0,0,1.2,0,0,0,0,363,0,98.1189,0,1.2,2,1,3,2.5,BP,G,SEM,BR,BR,BR,MIDWEST,BRAND+WHEEL ALIGNMENT
"February 22, 2026 - February 28, 2026",Brakes Plus,982-126-2988,BP_G_SEM_CP_ARIZONA_MIDAS,BP - Arizona - Maximize Conversion - Competitors,USD,3.15,203,0.155,0,0.845,1,0.05,1,1,3.15,0,0,0,0,0,0,0,0,0,0,0,1310,0,1106.95,0,0,1,0,1,2.65,BP,G,SEM,CP,CP,CP,ARIZONA,MIDAS
"February 22, 2026 - February 28, 2026",Brakes Plus,982-126-2988,BP_G_SEM_NS 5112_TEXAS,BP - TEXAS - Maximize Conversions - Non-Brand - New Stores,USD,23,174,0.2411,0,0.7589,8,0.1067,1,2,11.5,0,0,0,0,0,0,1,0,0,0,0,722,0,547.9258,0,1,1,1,2,9.5,0,0,0,0,0,0,0,0
"February 22, 2026 - February 28, 2026",Brakes Plus,982-126-2988,BP_G_SEM_CP_ARIZONA_WALMART,BP - Arizona - Maximize Conversion - Competitors,USD,0,153,0.05,0.0686,0.95,0,0,0,0,0,0,0,0,0,0,0,0,0,0,0,0,3060,209.916,2907,0,0,0,0,0,2.65,BP,G,SEM,CP,CP,CP,ARIZONA,WALMART
"February 22, 2026 - February 28, 2026",Brakes Plus,982-126-2988,BP_G_SEM_CP_TEXAS_GOODYEAR,BP - Texas - Maximize Conversion - Competitors,USD,0.93,109,0.3025,0,0.6975,1,0.05,0,0,0,0,0,0,0,0,0,0,0,0,0,0,360,0,251.1,0,0,0,0,0,4,BP,G,SEM,CP,CP,CP,TEXAS,GOODYEAR
"February 22, 2026 - February 28, 2026",Brakes Plus,982-126-2988,BP_G_SEM_CP_MIDWEST_GOODYEAR,BP - Midwest - Maximize Conversion - Competitors,USD,0,79,0.3399,0,0.6601,0,0,0,0,0,0,0,0,0,0,0,0,0,0,0,0,232,0,153.1432,0,0,0,0,0,4,BP,G,SEM,CP,CP,CP,MIDWEST,GOODYEAR
"February 22, 2026 - February 28, 2026",Brakes Plus,982-126-2988,BP_G_SEM_CP_COLORADO_GOODYEAR,BP - Colorado - Maximize Conversion - Competitors,USD,0.43,59,0.2488,0,0.7512,1,0.05,0,0,0,0,0,0,0,0,0,0,0,0,0,0,237,0,178.0344,0,0,0,0,0,4,BP,G,SEM,CP,CP,CP,COLORADO,GOODYEAR
"February 22, 2026 - February 28, 2026",Brakes Plus,982-126-2988,BP_G_SEM_CP_ARIZONA_GOODYEAR,BP - Arizona - Maximize Conversion - Competitors,USD,0.22,58,0.05,0,0.95,2,0.05,0,0,0,0,0,0,0,0,0,0,0,0,0,0,1160,0,1102,0,0,0,0,0,2.65,BP,G,SEM,CP,CP,CP,ARIZONA,GOODYEAR
"February 22, 2026 - February 28, 2026",Brakes Plus,982-126-2988,BP_G_SEM_NS 5097_COLORADO,BP - Colorado - Maximize Conversions - Non-Brand - New Stores,USD,0,10,0.1111,0,0.8889,0,0,0,0,0,0,0,0,0,0,0,0,0,0,0,0,90,0,80.001,0,0,0,0,0,5.75,0,0,0,0,0,0,0,0
"February 22, 2026 - February 28, 2026",NTB,541-822-9321,NTB_G_PMX_VIRGINIAS, --,USD,3320.44,100781,0.3006,0.1453,0.5542,2417,0.1488,762,769.25,4.32,4.42,0,0,0,14.83,0,0,0,0,56.31,0,335266,48714.14980000001,185804.4172,14.83,56.31,777,56,833,,NTB,G,PMX,PMX,PMX,PMX,VIRGINIAS,0
"February 22, 2026 - February 28, 2026",NTB,541-822-9321,NTB_G_SEM_NB TIRES_TEXAS_TIRES,NTB - Texas - Maximize Conversion - Non-Brand - Tires,USD,6600.85,82640,0.1905,0.3202,0.4893,3815,0.05,355,1047.92,6.3,0,0,0,0,32,0,0,0,0,116.26,0,433806,138904.6812,212261.2758,32,116.26,387,116,503,5.8,NTB,G,SEM,NB TIRES,NB TIRES,NB TIRES,TEXAS,TIRES
"February 22, 2026 - February 28, 2026",NTB,541-822-9321,NTB_G_SEM_NB TIRES_VIRGINIAS_TIRES,NTB - Virginias - Maximize Conversion - Non-Brand - Tires,USD,8703.64,75607,0.3138,0.1926,0.4936,4851,0.1884,861,1935.12,4.5,0,0,0,0,60.2,0,0,0,0,244.15,0,240940,46405.044,118927.984,60.2,244.15,921,244,1165,4.6,NTB,G,SEM,NB TIRES,NB TIRES,NB TIRES,VIRGINIAS,TIRES
"February 22, 2026 - February 28, 2026",NTB,541-822-9321,NTB_G_PMX_NORTHEAST, --,USD,1729.57,65123,0.2844,0.0108,0.7048,1281,0.1379,391,391.22,4.42,4.6,0,0,0,4.88,0,0,0,0,43.4,0,228984,2473.0272,161387.9232,4.88,43.4,396,43,439,,NTB,G,PMX,PMX,PMX,PMX,NORTHEAST,0
"February 22, 2026 - February 28, 2026",NTB,541-822-9321,NTB_G_SEM_NB TIRES_MIDWEST_TIRES,NTB - Midwest - Maximize Conversion - Non-Brand - Tires,USD,6154.44,61563,0.28,0.2318,0.4882,3236,0.1633,468,1140.28,5.4,0,0,0,0,30.17,0,0,0,0,136.35,0,219868,50965.4024,107339.5576,30.17,136.35,498,136,635,4.8,NTB,G,SEM,NB TIRES,NB TIRES,NB TIRES,MIDWEST,TIRES
"February 22, 2026 - February 28, 2026",NTB,541-822-9321,NTB_G_SEM_NB TIRES_NORTHEAST_TIRES,NTB - Northeast - Maximize Conversion - Non-Brand - Tires,USD,6318.1,60510,0.2959,0.2298,0.4742,3716,0.1618,535,1430.11,4.42,0,0,0,0,48.53,0,0,0,0,203.15,0,204495,46992.951,96971.529,48.53,203.15,584,203,787,4.5,NTB,G,SEM,NB TIRES,NB TIRES,NB TIRES,NORTHEAST,TIRES
"February 22, 2026 - February 28, 2026",NTB,541-822-9321,NTB_G_PMX_TEXAS, --,USD,985.95,57717,0.2043,0.0855,0.7102,971,0.05,223,226.89,4.35,3.95,0,0,0,3.33,0,0,0,0,24.81,0,282511,24154.6905,200639.31220000001,3.33,24.81,226,25,251,,NTB,G,PMX,PMX,PMX,PMX,TEXAS,0
"February 22, 2026 - February 28, 2026",NTB,541-822-9321,NTB_G_PMX_MIDWEST, --,USD,1725.95,55228,0.2458,0.0929,0.6613,1094,0.1137,380,379.83,4.54,4.53,0,0,0,7,0,0,0,0,29.99,0,224687,20873.4223,148585.5131,7,29.99,387,30,417,,NTB,G,PMX,PMX,PMX,PMX,MIDWEST,0
"February 22, 2026 - February 28, 2026",NTB,541-822-9321,NTB_G_SEM_NB TIRES_SOUTHEAST_TIRES,NTB - Southeast - Maximize Conversion - Non-Brand - Tires,USD,2968.89,26624,0.1515,0.3401,0.5084,1436,0.1079,247,481.06,6.17,0,0,0,0,9.5,0,0,0,0,59.58,0,175736,59767.8136,89344.18239999999,9.5,59.58,257,60,316,4.7,NTB,G,SEM,NB TIRES,NB TIRES,NB TIRES,SOUTHEAST,TIRES
"February 22, 2026 - February 28, 2026",NTB,541-822-9321,NTB_G_PMX_SOUTHEAST, --,USD,635.55,24210,0.1746,0.1129,0.7124,573,0.1035,159,163.51,3.89,3.51,0,0,0,1.67,0,0,0,0,10.48,0,138660,15654.714,98781.384,1.67,10.48,161,10,171,,NTB,G,PMX,PMX,PMX,PMX,SOUTHEAST,0
"February 22, 2026 - February 28, 2026",NTB,541-822-9321,NTB_G_SEM_NB SERVICE_TEXAS_AUTO SERVICE,NTB - Texas - Maximize Conversion - Non-Brand - Auto Service,USD,794.61,21948,0.2608,0,0.7392,572,0.1095,107,114.34,6.95,0,0,0,0,1.5,0,0,0,0,8.33,0,84156,0,62208.1152,1.5,8.33,109,8,117,4.2,NTB,G,SEM,NB AUTO SERVICE,NB SERVICE,AUTO SERVICE,TEXAS,AUTO SERVICE
"February 22, 2026 - February 28, 2026",NTB,541-822-9321,NTB_G_PMX_CAROLINAS, --,USD,395.61,19098,0.1435,0.0034,0.853,318,0.05,88,92.42,4.28,3.57,0,0,0,0.9,0,0,0,0,7.19,0,133087,452.4958,113523.211,0.9,7.19,89,7,96,,NTB,G,PMX,PMX,PMX,PMX,CAROLINAS,0
"February 22, 2026 - February 28, 2026",NTB,541-822-9321,NTB_G_SEM_CP_TEXAS_DISCOUNT TIRE,NTB - Texas - Maximize Conversion - Competitors,USD,784.65,18826,0.2832,0.0063,0.7105,503,0.104,100,117.78,6.66,0,0,0,0,0,0,0,0,0,10.5,0,66476,418.7988,47231.198000000004,0,10.5,100,11,111,4.2,NTB,G,SEM,CP,CP,CP,TEXAS,DISCOUNT TIRE
"February 22, 2026 - February 28, 2026",NTB,541-822-9321,NTB_G_SEM_NB SERVICE_NORTHEAST_AUTO SERVICE,NTB - Northeast - Maximize Conversion - Non-Brand - Auto Service,USD,1766.81,18664,0.2652,0,0.7348,913,0.1865,318,367.13,4.81,0,0,0,0,10.17,0,0,0,0,55.23,0,70377,0,51713.0196,10.17,55.23,328,55,383,4.2,NTB,G,SEM,NB AUTO SERVICE,NB SERVICE,AUTO SERVICE,NORTHEAST,AUTO SERVICE
"February 22, 2026 - February 28, 2026",NTB,541-822-9321,NTB_G_SEM_NB TIRES_CAROLINAS_TIRES,NTB - Carolinas - Maximize Conversion - Non-Brand - Tires,USD,1165.94,17793,0.1105,0.2167,0.6729,682,0.05,131,247.82,4.7,0,0,0,0,4.5,0,0,0,0,32.03,0,161023,34893.6841,108352.37670000001,4.5,32.03,136,32,168,4.4,NTB,G,SEM,NB TIRES,NB TIRES,NB TIRES,CAROLINAS,TIRES
"February 22, 2026 - February 28, 2026",NTB,541-822-9321,NTB_G_SEM_CP_NORTHEAST_COMPETITORS,NTB - Northeast - Maximize Conversion - Competitors,USD,864.72,16183,0.3177,0,0.6823,492,0.116,114,199.28,4.34,0,0,0,0,10.3,0,0,0,0,20.59,0,50938,0,34754.9974,10.3,20.59,124,21,145,4,NTB,G,SEM,CP,CP,CP,NORTHEAST,COMPETITORS
"February 22, 2026 - February 28, 2026",NTB,541-822-9321,NTB_G_SEM_CP_TEXAS_COMPETITORS,NTB - Texas - Maximize Conversion - Competitors,USD,822.37,16018,0.2063,0.158,0.6356,531,0.05,105,147.8,5.56,0,0,0,0,6,0,0,0,0,17.14,0,77644,12267.752,49350.5264,6,17.14,111,17,128,4.2,NTB,G,SEM,CP,CP,CP,TEXAS,COMPETITORS
"February 22, 2026 - February 28, 2026",NTB,541-822-9321,NTB_G_SEM_NB SERVICE_TEXAS_TIRE SERVICE,NTB - Texas - Maximize Conversion - Non-Brand - Services,USD,2743.49,14304,0.4645,0.242,0.2935,948,0.2221,116,262.17,10.46,0,0,0,0,22.5,0,0,0,0,97.53,0,30794,7452.148,9038.038999999999,22.5,97.53,139,98,236,11.5,NTB,G,SEM,NB TIRE SERVICE,NB SERVICE,TIRE SERVICE,TEXAS,TIRE SERVICE
"February 22, 2026 - February 28, 2026",NTB,541-822-9321,NTB_G_SEM_NB OIL CHANGE_NORTHEAST_OIL CHANGE,NTB - Northeast - Maximize Conversions Non-Brand - Oil Change,USD,1072.93,13079,0.311,0,0.689,465,0.1476,61,128.18,8.37,0,0,0,0,18,0,0,0,0,51.67,0,42055,0,28975.894999999997,18,51.67,79,52,131,7,NTB,G,SEM,NB OIL CHANGE,NB OIL CHANGE,OIL CHANGE,NORTHEAST,OIL CHANGE
"February 22, 2026 - February 28, 2026",NTB,541-822-9321,NTB_G_SEM_NB OIL CHANGE_TEXAS_OIL CHANGE,NTB - Texas - Maximize Conversions Non-Brand - Oil Change,USD,706.5,13012,0.1517,0,0.8483,254,0.05,34,53.83,13.12,0,0,0,0,3.5,0,0,0,0,17.5,0,85775,0,72762.93250000001,3.5,17.5,38,18,55,11,NTB,G,SEM,NB OIL CHANGE,NB OIL CHANGE,OIL CHANGE,TEXAS,OIL CHANGE
"February 22, 2026 - February 28, 2026",NTB,541-822-9321,NTB_G_SEM_NB OIL CHANGE_VIRGINIAS_OIL CHANGE,NTB - Virginias - Maximize Conversions Non-Brand - Oil Change,USD,1047.75,12902,0.3349,0,0.6651,446,0.1692,72,118.32,8.86,0,0,0,0,6.25,0,0,0,0,45.5,0,38525,0,25622.9775,6.25,45.5,78,46,124,7,NTB,G,SEM,NB OIL CHANGE,NB OIL CHANGE,OIL CHANGE,VIRGINIAS,OIL CHANGE
"February 22, 2026 - February 28, 2026",NTB,541-822-9321,NTB_G_SEM_NB SERVICE_TEXAS_BRAKES,NTB - Texas - Maximize Conversion - Non-Brand - Brakes,USD,1529.48,12313,0.169,0,0.831,514,0.1261,69,112.69,13.57,0,0,0,0,11.33,0,0,0,0,27.17,0,72858,0,60544.998,11.33,27.17,80,27,108,13,NTB,G,SEM,NB BRAKES,NB SERVICE,BRAKES,TEXAS,BRAKES
"February 22, 2026 - February 28, 2026",NTB,541-822-9321,NTB_G_SEM_NB SERVICE_VIRGINIAS_AUTO SERVICE,NTB - Virginias - Maximize Conversion - Non-Brand - Auto Service,USD,889.43,11072,0.194,0.2689,0.5371,604,0.109,211,208.55,4.26,0,0,0,0,5.5,0,0,0,0,12.05,0,57072,15346.660799999998,30653.3712,5.5,12.05,217,12,229,3.8,NTB,G,SEM,NB AUTO SERVICE,NB SERVICE,AUTO SERVICE,VIRGINIAS,AUTO SERVICE
"February 22, 2026 - February 28, 2026",NTB,541-822-9321,NTB_G_SEM_BR_TEXAS_BRAND ONLY,NTB - Texas - Maximize Conversion - Brand,USD,5656.91,10846,0.9211,0,0.0789,2614,0.7402,332,621.45,9.1,0,0,0,0,55.67,0,0,0,0,270.08,0,11775,0,929.0475,55.67,270.08,388,270,658,5.7,NTB,G,SEM,BR,BR,BR,TEXAS,BRAND ONLY
"February 22, 2026 - February 28, 2026",NTB,541-822-9321,NTB_G_SEM_NB SERVICE_NORTHEAST_TIRE SERVICE,NTB - Northeast - Maximize Conversion - Non-Brand - Services,USD,2110.81,10409,0.6056,0.1297,0.2646,966,0.3118,159,297.84,7.09,0,0,0,0,20.92,0,0,0,0,101.31,0,17188,2229.2836,4547.9448,20.92,101.31,180,101,281,5.6,NTB,G,SEM,NB TIRE SERVICE,NB SERVICE,TIRE SERVICE,NORTHEAST,TIRE SERVICE
"February 22, 2026 - February 28, 2026",NTB,541-822-9321,NTB_G_SEM_NB SERVICE_VIRGINIAS_TIRE SERVICE,NTB - Virginias - Maximize Conversion - Non-Brand - Services,USD,2183.89,9979,0.5968,0.0991,0.3041,915,0.3378,180,312.11,7,0,0,0,0,33,0,0,0,0,88.6,0,16721,1657.0511,5084.8561,33,88.6,213,89,302,6.4,NTB,G,SEM,NB TIRE SERVICE,NB SERVICE,TIRE SERVICE,VIRGINIAS,TIRE SERVICE
"February 22, 2026 - February 28, 2026",NTB,541-822-9321,NTB_G_SEM_NB SERVICE_MIDWEST_AUTO SERVICE,NTB - Midwest - Maximize Conversion - Non-Brand - Auto Service,USD,702.66,9057,0.2065,0.1224,0.6711,338,0.1251,108,110.24,6.37,0,0,0,0,3,0,0,0,0,8.75,0,43860,5368.464,29434.446,3,8.75,111,9,120,4.5,NTB,G,SEM,NB AUTO SERVICE,NB SERVICE,AUTO SERVICE,MIDWEST,AUTO SERVICE
"February 22, 2026 - February 28, 2026",NTB,541-822-9321,NTB_G_SEM_NB SERVICE_MIDWEST_TIRE SERVICE,NTB - Midwest - Maximize Conversion - Non-Brand - Services,USD,2084.91,8930,0.641,0.0779,0.2811,713,0.3771,143,253.02,8.24,0,0,0,0,14.5,0,0,0,0,82.92,0,13931,1085.2249,3916.0041,14.5,82.92,158,83,240,8.2,NTB,G,SEM,NB TIRE SERVICE,NB SERVICE,TIRE SERVICE,MIDWEST,TIRE SERVICE
"February 22, 2026 - February 28, 2026",NTB,541-822-9321,NTB_G_SEM_CP_VIRGINIAS_COMPETITORS,NTB - Virginias - Maximize Conversion - Competitors,USD,345.17,8614,0.2415,0,0.7585,250,0.05,57,106.77,3.23,0,0,0,0,0.5,0,0,0,0,9.76,0,35669,0,27054.9365,0.5,9.76,58,10,67,3.3,NTB,G,SEM,CP,CP,CP,VIRGINIAS,COMPETITORS
"February 22, 2026 - February 28, 2026",NTB,541-822-9321,NTB_G_SEM_NB OIL CHANGE_MIDWEST_OIL CHANGE,NTB - Midwest - Maximize Conversions Non-Brand - Oil Change,USD,531.62,7638,0.2083,0,0.7917,215,0.05,50,62.66,8.48,0,0,0,0,2,0,0,0,0,11.5,0,36668,0,29030.0556,2,11.5,52,12,64,7,NTB,G,SEM,NB OIL CHANGE,NB OIL CHANGE,OIL CHANGE,MIDWEST,OIL CHANGE
"February 22, 2026 - February 28, 2026",NTB,541-822-9321,NTB_G_SEM_BR_VIRGINIAS_BRAND ONLY,NTB - Virginias - Maximize Conversion - Brand,USD,4349.76,7570,0.4144,0.5439,0.0417,1859,0.327,536,725.31,6,0,0,0,0,13.88,0,0,0,0,229.06,0,18267,9935.421300000002,761.7339000000001,13.88,229.06,550,229,779,4.2,NTB,G,SEM,BR,BR,BR,VIRGINIAS,BRAND ONLY
"February 22, 2026 - February 28, 2026",NTB,541-822-9321,NTB_G_SEM_NB SERVICE_MIDWEST_BRAKES,NTB - Midwest - Maximize Conversion - Non-Brand - Brakes,USD,1013.27,7431,0.2554,0,0.7446,412,0.2065,73,109.58,9.25,0,0,0,0,7,0,0,0,0,23,0,29096,0,21664.8816,7,23,80,23,103,8,NTB,G,SEM,NB BRAKES,NB SERVICE,BRAKES,MIDWEST,BRAKES
"February 22, 2026 - February 28, 2026",NTB,541-822-9321,NTB_G_SEM_BR_VIRGINIAS_BRAND+,NTB - Virginias - Maximize Conversion - Brand,USD,5923.56,7094,0.4319,0.5396,0.0285,2268,0.3292,761,942.94,6.28,0,0,0,0,55,0,0,0,0,227.63,0,16425,8862.93,468.1125,55,227.63,816,228,1044,4.2,NTB,G,SEM,BR,BR,BR,VIRGINIAS,BRAND+
"February 22, 2026 - February 28, 2026",NTB,541-822-9321,NTB_G_SEM_BR_TEXAS_BRAND+,NTB - Texas - Maximize Conversion - Brand,USD,4506.81,6538,0.7223,0.2128,0.0649,1603,0.5361,315,476.44,9.46,0,0,0,0,48.5,0,0,0,0,159.89,0,9052,1926.2656,587.4748,48.5,159.89,364,160,523,5.7,NTB,G,SEM,BR,BR,BR,TEXAS,BRAND+
"February 22, 2026 - February 28, 2026",NTB,541-822-9321,NTB_G_SEM_NB SERVICE_VIRGINIAS_BRAKES,NTB - Virginias - Maximize Conversion - Non-Brand - Brakes,USD,1037.51,6536,0.2238,0,0.7762,470,0.2224,89,145.38,7.14,0,0,0,0,19.38,0,0,0,0,34.21,0,29205,0,22668.921,19.38,34.21,108,34,143,7,NTB,G,SEM,NB BRAKES,NB SERVICE,BRAKES,VIRGINIAS,BRAKES
"February 22, 2026 - February 28, 2026",NTB,541-822-9321,NTB_G_SEM_BR_NORTHEAST_BRAND ONLY,NTB - Northeast - Maximize Conversion - Brand,USD,4557.35,6378,0.5223,0.4502,0.0276,2173,0.3917,626,830.49,5.49,0,0,0,0,26.25,0,0,0,0,261.79,0,12211,5497.3922,337.0236,26.25,261.79,652,262,914,4.2,NTB,G,SEM,BR,BR,BR,NORTHEAST,BRAND ONLY
"February 22, 2026 - February 28, 2026",NTB,541-822-9321,NTB_G_SEM_NB SERVICE_NORTHEAST_BRAKES,NTB - Northeast - Maximize Conversion - Non-Brand - Brakes,USD,866.05,5796,0.1945,0,0.8055,400,0.1803,67,116.49,7.43,0,0,0,0,8,0,0,0,0,34.33,0,29799,0,24003.0945,8,34.33,75,34,109,7,NTB,G,SEM,NB BRAKES,NB SERVICE,BRAKES,NORTHEAST,BRAKES
"February 22, 2026 - February 28, 2026",NTB,541-822-9321,NTB_G_SEM_NB SERVICE_SOUTHEAST_BRAKES,NTB - Southeast - Maximize Conversion - Non-Brand - Brakes,USD,685.45,5513,0.2101,0.0509,0.739,239,0.1642,57,70.42,9.73,0,0,0,0,5,0,0,0,0,8.39,0,26240,1335.616,19391.36,5,8.39,62,8,70,7.5,NTB,G,SEM,NB BRAKES,NB SERVICE,BRAKES,SOUTHEAST,BRAKES
"February 22, 2026 - February 28, 2026",NTB,541-822-9321,NTB_G_SEM_CP_MIDWEST_COMPETITORS,NTB - Midwest - Maximize Conversion - Competitors,USD,260.12,5287,0.2588,0,0.7412,177,0.1014,31,53.5,4.86,0,0,0,0,0.67,0,0,0,0,2.5,0,20429,0,15141.9748,0.67,2.5,32,3,34,3.4,NTB,G,SEM,CP,CP,CP,MIDWEST,COMPETITORS
"February 22, 2026 - February 28, 2026",NTB,541-822-9321,NTB_G_SEM_NB SERVICE_SOUTHEAST_AUTO SERVICE,NTB - Southeast - Maximize Conversion - Non-Brand - Auto Service,USD,456.42,5205,0.1943,0.0477,0.7579,203,0.1175,72,72.83,6.27,0,0,0,0,2,0,0,0,0,1,0,26788,1277.7875999999999,20302.625200000002,2,1,74,1,75,5.5,NTB,G,SEM,NB AUTO SERVICE,NB SERVICE,AUTO SERVICE,SOUTHEAST,AUTO SERVICE
"February 22, 2026 - February 28, 2026",NTB,541-822-9321,NTB_G_SEM_BR_MIDWEST_BRAND ONLY,NTB - Midwest - Maximize Conversion - Brand,USD,3552.18,4859,0.7169,0.2359,0.0473,1587,0.5197,587,700.07,5.07,0,0,0,0,17.75,0,0,0,0,168.69,0,6778,1598.9302,320.5994,17.75,168.69,605,169,773,4.3,NTB,G,SEM,BR,BR,BR,MIDWEST,BRAND ONLY
"February 22, 2026 - February 28, 2026",NTB,541-822-9321,NTB_G_SEM_NB SERVICE_CAROLINAS_AUTO SERVICE,NTB - Carolinas - Maximize Conversion - Non-Brand - Auto Service,USD,340.12,4682,0.2046,0,0.7954,186,0.1329,49,44.5,7.64,0,0,0,0,0,0,0,0,0,2,0,22884,0,18201.9336,0,2,49,2,51,5.6,NTB,G,SEM,NB AUTO SERVICE,NB SERVICE,AUTO SERVICE,CAROLINAS,AUTO SERVICE
"February 22, 2026 - February 28, 2026",NTB,541-822-9321,NTB_G_SEM_BR_NORTHEAST_BRAND+,NTB - Northeast - Maximize Conversion - Brand,USD,3416.74,4514,0.359,0.6195,0.0215,1468,0.2721,583,706.24,4.84,0,0,0,0,40.04,0,0,0,0,163.27,0,12574,7789.593000000001,270.34099999999995,40.04,163.27,623,163,786,4.2,NTB,G,SEM,BR,BR,BR,NORTHEAST,BRAND+
"February 22, 2026 - February 28, 2026",NTB,541-822-9321,NTB_G_SEM_CP_VIRGINIAS_DISCOUNT TIRE,NTB - Virginias - Maximize Conversion - Competitors,USD,216.27,4421,0.4182,0,0.5818,155,0.1393,31,45.09,4.8,0,0,0,0,0,0,0,0,0,5,0,10571,0,6150.2078,0,5,31,5,36,3.3,NTB,G,SEM,CP,CP,CP,VIRGINIAS,DISCOUNT TIRE
"February 22, 2026 - February 28, 2026",NTB,541-822-9321,NTB_G_SEM_NB SERVICE_SOUTHEAST_TIRE SERVICE,NTB - Southeast - Maximize Conversion - Non-Brand - Services,USD,852.38,4409,0.4937,0,0.5063,336,0.3648,62,108.58,7.85,0,0,0,0,10,0,0,0,0,39.19,0,8931,0,4521.7653,10,39.19,72,39,111,7,NTB,G,SEM,NB TIRE SERVICE,NB SERVICE,TIRE SERVICE,SOUTHEAST,TIRE SERVICE
"February 22, 2026 - February 28, 2026",NTB,541-822-9321,NTB_G_SEM_CP_SOUTHEAST_COMPETITORS,NTB - Southeast - Maximize Conversion - Competitors,USD,221.62,3983,0.2039,0,0.7961,135,0.05,20,43.51,5.09,0,0,0,0,0.5,0,0,0,0,5,0,19534,0,15551.0174,0.5,5,21,5,26,5,NTB,G,SEM,CP,CP,CP,SOUTHEAST,COMPETITORS
"February 22, 2026 - February 28, 2026",NTB,541-822-9321,NTB_G_SEM_NB SERVICE_CAROLINAS_BRAKES,NTB - Carolinas - Maximize Conversion - Non-Brand - Brakes,USD,545.97,3877,0.1565,0,0.8435,196,0.1462,21,44.63,12.23,0,0,0,0,6.6,0,0,0,0,11.49,0,24773,0,20896.0255,6.6,11.49,28,11,39,10,NTB,G,SEM,NB BRAKES,NB SERVICE,BRAKES,CAROLINAS,BRAKES
"February 22, 2026 - February 28, 2026",NTB,541-822-9321,NTB_G_SEM_BR_TEXAS_BRAND+TIRES,NTB - Texas - Maximize Conversion - Brand,USD,2004.65,3751,0.8439,0.0908,0.0653,1118,0.6694,117,234.2,8.56,0,0,0,0,14.67,0,0,0,0,113.26,0,4445,403.60600000000005,290.25849999999997,14.67,113.26,132,113,245,5.7,NTB,G,SEM,BR,BR,BR,TEXAS,BRAND+TIRES
"February 22, 2026 - February 28, 2026",NTB,541-822-9321,NTB_G_SEM_NB OIL CHANGE_CAROLINAS_OIL CHANGE,NTB - Carolinas - Maximize Conversions Non-Brand - Oil Change,USD,353,3747,0.2399,0,0.7601,110,0.1232,21,28.25,12.5,0,0,0,0,2,0,0,0,0,7,0,15619,0,11872.0019,2,7,23,7,30,12,NTB,G,SEM,NB OIL CHANGE,NB OIL CHANGE,OIL CHANGE,CAROLINAS,OIL CHANGE
"February 22, 2026 - February 28, 2026",NTB,541-822-9321,NTB_G_SEM_CP_TEXAS_FIRESTONE,NTB - Texas - Maximize Conversion - Competitors,USD,206.56,3607,0.3158,0.0291,0.6551,111,0.05,35,27.08,7.63,0,0,0,0,0,0,0,0,0,1.5,0,11422,332.3802,7482.5522,0,1.5,35,2,37,4.2,NTB,G,SEM,CP,CP,CP,TEXAS,FIRESTONE
"February 22, 2026 - February 28, 2026",NTB,541-822-9321,NTB_G_SEM_NB OIL CHANGE_SOUTHEAST_OIL CHANGE,NTB - Southeast - Maximize Conversions Non-Brand - Oil Change,USD,207.22,3460,0.1821,0,0.8179,84,0.1059,15,21,9.87,0,0,0,0,2,0,0,0,0,6,0,19001,0,15540.917899999999,2,6,17,6,23,8,NTB,G,SEM,NB OIL CHANGE,NB OIL CHANGE,OIL CHANGE,SOUTHEAST,OIL CHANGE
"February 22, 2026 - February 28, 2026",NTB,541-822-9321,NTB_G_SEM_BR_VIRGINIAS_BRAND+TIRES,NTB - Virginias - Maximize Conversion - Brand,USD,1622.94,3429,0.194,0.787,0.019,886,0.1676,177,275.86,5.88,0,0,0,0,11.5,0,0,0,0,98.2,0,17675,13910.225,335.825,11.5,98.2,189,98,287,4.2,NTB,G,SEM,BR,BR,BR,VIRGINIAS,BRAND+TIRES
"February 22, 2026 - February 28, 2026",NTB,541-822-9321,NTB_G_SEM_BR_MIDWEST_BRAND+,NTB - Midwest - Maximize Conversion - Brand,USD,2311.98,3296,0.6272,0.3173,0.0555,1045,0.4583,339,408.86,5.65,0,0,0,0,15.08,0,0,0,0,95.75,0,5255,1667.4115000000002,291.65250000000003,15.08,95.75,354,96,450,4.3,NTB,G,SEM,BR,BR,BR,MIDWEST,BRAND+
"February 22, 2026 - February 28, 2026",NTB,541-822-9321,NTB_G_SEM_BR_NORTHEAST_BRAND+TIRES,NTB - Northeast - Maximize Conversion - Brand,USD,2090.34,2800,0.5021,0.4758,0.0221,1102,0.3971,232,348.49,6,0,0,0,0,20,0,0,0,0,109.59,0,5577,2653.5366,123.25170000000001,20,109.59,252,110,362,4.2,NTB,G,SEM,BR,BR,BR,NORTHEAST,BRAND+TIRES
"February 22, 2026 - February 28, 2026",NTB,541-822-9321,NTB_G_SEM_BR_SOUTHEAST_BRAND+,NTB - Southeast - Maximize Conversion - Brand,USD,1393.5,2794,0.8749,0,0.1251,717,0.6777,166,256.26,5.44,0,0,0,0,28.83,0,0,0,0,77.35,0,3194,0,399.5694,28.83,77.35,195,77,272,3.7,NTB,G,SEM,BR,BR,BR,SOUTHEAST,BRAND+
"February 22, 2026 - February 28, 2026",NTB,541-822-9321,NTB_G_SEM_BR_TEXAS_BRAND+SERVICES,NTB - Texas - Maximize Conversion - Brand,USD,2675.12,2730,0.9663,0.0038,0.0299,904,0.6811,290,325.86,8.21,0,0,0,0,13.67,0,0,0,0,61.73,0,2825,10.735,84.4675,13.67,61.73,304,62,365,5.7,NTB,G,SEM,BR,BR,BR,TEXAS,BRAND+SERVICES
"February 22, 2026 - February 28, 2026",NTB,541-822-9321,NTB_G_SEM_NB SERVICE_CAROLINAS_TIRE SERVICE,NTB - Carolinas - Maximize Conversion - Non-Brand - Services,USD,515.56,2616,0.5359,0,0.4641,234,0.3474,39,64.68,7.97,0,0,0,0,4.33,0,0,0,0,20,0,4882,0,2265.7362000000003,4.33,20,43,20,63,5.8,NTB,G,SEM,NB TIRE SERVICE,NB SERVICE,TIRE SERVICE,CAROLINAS,TIRE SERVICE
"February 22, 2026 - February 28, 2026",NTB,541-822-9321,NTB_G_SEM_CP_CAROLINAS_DISCOUNT TIRE,NTB - Carolinas - Maximize Conversion - Competitors,USD,131.21,2467,0.3563,0,0.6437,70,0.1159,10,24.83,5.28,0,0,0,0,0,0,0,0,0,3.5,0,6924,0,4456.978800000001,0,3.5,10,4,14,4.5,NTB,G,SEM,CP,CP,CP,CAROLINAS,DISCOUNT TIRE
"February 22, 2026 - February 28, 2026",NTB,541-822-9321,NTB_G_SEM_CP_CAROLINAS_COMPETITORS,NTB - Carolinas - Maximize Conversion - Competitors,USD,122.37,2326,0.1534,0,0.8466,67,0.05,14,19.99,6.12,0,0,0,0,0,0,0,0,0,2.5,0,15163,0,12836.9958,0,2.5,14,3,17,4.5,NTB,G,SEM,CP,CP,CP,CAROLINAS,COMPETITORS
"February 22, 2026 - February 28, 2026",NTB,541-822-9321,NTB_G_SEM_BR_SOUTHEAST_BRAND ONLY,NTB - Southeast - Maximize Conversion - Brand,USD,1403.77,2304,0.7843,0.1415,0.0742,712,0.5926,235,289.55,4.85,0,0,0,0,15.5,0,0,0,0,70.72,0,2938,415.727,217.99960000000002,15.5,70.72,251,71,321,3.7,NTB,G,SEM,BR,BR,BR,SOUTHEAST,BRAND ONLY
"February 22, 2026 - February 28, 2026",NTB,541-822-9321,NTB_G_SEM_BR_MIDWEST_BRAND+TIRES,NTB - Midwest - Maximize Conversion - Brand,USD,1468,2162,0.7078,0.2561,0.0361,795,0.5241,269,300.97,4.88,0,0,0,0,12.5,0,0,0,0,65.3,0,3055,782.3855,110.2855,12.5,65.3,282,65,347,4.3,NTB,G,SEM,BR,BR,BR,MIDWEST,BRAND+TIRES
"February 22, 2026 - February 28, 2026",NTB,541-822-9321,NTB_G_SEM_BR_VIRGINIAS_BRAND+SERVICES,NTB - Virginias - Maximize Conversion - Brand,USD,1961.59,2069,0.2326,0.7504,0.017,764,0.1889,293,325.05,6.03,0,0,0,0,7,0,0,0,0,68.42,0,8895,6674.808,151.215,7,68.42,300,68,368,4.2,NTB,G,SEM,BR,BR,BR,VIRGINIAS,BRAND+SERVICES
"February 22, 2026 - February 28, 2026",NTB,541-822-9321,NTB_G_SEM_CP_MIDWEST_DISCOUNT TIRE,NTB - Midwest - Maximize Conversion - Competitors,USD,88.12,2037,0.2917,0,0.7083,60,0.122,5,18.11,4.87,0,0,0,0,0,0,0,0,0,4,0,6983,0,4946.0589,0,4,5,4,9,3.4,NTB,G,SEM,CP,CP,CP,MIDWEST,DISCOUNT TIRE
"February 22, 2026 - February 28, 2026",NTB,541-822-9321,NTB_G_SEM_CP_VIRGINIAS_FIRESTONE,NTB - Virginias - Maximize Conversion - Competitors,USD,85.28,1967,0.4087,0,0.5913,51,0.05,17,18,4.74,0,0,0,0,0,0,0,0,0,1,0,4813,0,2845.9269000000004,0,1,17,1,18,3.3,NTB,G,SEM,CP,CP,CP,VIRGINIAS,FIRESTONE
"February 22, 2026 - February 28, 2026",NTB,541-822-9321,NTB_G_SEM_CP_NORTHEAST_FIRESTONE,NTB - Northeast - Maximize Conversion - Competitors,USD,181.12,1839,0.4506,0,0.5494,88,0.1551,44,37.17,4.87,0,0,0,0,1.5,0,0,0,0,0,0,4081,0,2242.1014,1.5,0,46,0,46,4,NTB,G,SEM,CP,CP,CP,NORTHEAST,FIRESTONE
"February 22, 2026 - February 28, 2026",NTB,541-822-9321,NTB_G_SEM_BR_CAROLINAS_BRAND+,NTB - Carolinas - Maximize Conversion - Brand,USD,630.34,1583,0.8703,0,0.1297,349,0.67,73,141.6,4.45,0,0,0,0,21,0,0,0,0,46.94,0,1819,0,235.92430000000002,21,46.94,94,47,141,4,NTB,G,SEM,BR,BR,BR,CAROLINAS,BRAND+
"February 22, 2026 - February 28, 2026",NTB,541-822-9321,NTB_G_SEM_BR_NORTHEAST_BRAND+SERVICES,NTB - Northeast - Maximize Conversion - Brand,USD,1361.43,1427,0.2522,0.7347,0.0131,577,0.1894,186,235.11,5.79,0,0,0,0,4.5,0,0,0,0,54.71,0,5658,4156.9326,74.1198,4.5,54.71,191,55,245,4.2,NTB,G,SEM,BR,BR,BR,NORTHEAST,BRAND+SERVICES
"February 22, 2026 - February 28, 2026",NTB,541-822-9321,NTB_G_SEM_CP_SOUTHEAST_DISCOUNT TIRE,NTB - Southeast - Maximize Conversion - Competitors,USD,68.71,1373,0.1996,0,0.8004,45,0.102,8,7,9.82,0,0,0,0,0,0,0,0,0,0,0,6879,0,5505.9516,0,0,8,0,8,5,NTB,G,SEM,CP,CP,CP,SOUTHEAST,DISCOUNT TIRE
"February 22, 2026 - February 28, 2026",NTB,541-822-9321,NTB_G_SEM_BR_CAROLINAS_BRAND+TIRES,NTB - Carolinas - Maximize Conversion - Brand,USD,943.37,1365,0.9453,0,0.0547,440,0.6692,124,154.36,6.11,0,0,0,0,4.67,0,0,0,0,41.34,0,1444,0,78.9868,4.67,41.34,129,41,170,4,NTB,G,SEM,BR,BR,BR,CAROLINAS,BRAND+TIRES
"February 22, 2026 - February 28, 2026",NTB,541-822-9321,NTB_G_SEM_NB TIRES_NORTHEAST_WINTER TIRES,NTB - Northeast - Maximize Conversion - Non-Brand - Tires,USD,85.97,1336,0.1431,0,0.8569,59,0.12,2,8.33,10.32,0,0,0,0,0,0,0,0,0,1,0,9336,0,8000.0184,0,1,2,1,3,4.5,NTB,G,SEM,NB TIRES,NB TIRES,WINTER TIRES,NORTHEAST,TIRES
"February 22, 2026 - February 28, 2026",NTB,541-822-9321,NTB_G_SEM_BR_CAROLINAS_BRAND ONLY,NTB - Carolinas - Maximize Conversion - Brand,USD,451.5,1272,0.845,0,0.155,283,0.7014,46,91.5,4.93,0,0,0,0,5,0,0,0,0,41.66,0,1505,0,233.275,5,41.66,51,42,93,4,NTB,G,SEM,BR,BR,BR,CAROLINAS,BRAND ONLY
"February 22, 2026 - February 28, 2026",NTB,541-822-9321,NTB_G_SEM_CP_SOUTHEAST_FIRESTONE,NTB - Southeast - Maximize Conversion - Competitors,USD,90.73,1239,0.3606,0,0.6394,49,0.1258,18,15.33,5.92,0,0,0,0,0,0,0,0,0,0,0,3436,0,2196.9784,0,0,18,0,18,5,NTB,G,SEM,CP,CP,CP,SOUTHEAST,FIRESTONE
"February 22, 2026 - February 28, 2026",NTB,541-822-9321,NTB_G_SEM_NB TIRES_VIRGINIAS_WINTER TIRES,NTB - Virginias - Maximize Conversion - Non-Brand - Tires,USD,89.5,1200,0.1295,0,0.8705,62,0.1181,4,23.98,3.73,0,0,0,0,0,0,0,0,0,2.17,0,9266,0,8066.053000000001,0,2.17,4,2,6,4.6,NTB,G,SEM,NB TIRES,NB TIRES,WINTER TIRES,VIRGINIAS,TIRES
"February 22, 2026 - February 28, 2026",NTB,541-822-9321,NTB_G_SEM_BR_SOUTHEAST_BRAND+TIRES,NTB - Southeast - Maximize Conversion - Brand,USD,472.11,1192,0.8983,0,0.1017,317,0.6625,53,93.74,5.04,0,0,0,0,5,0,0,0,0,40.66,0,1327,0,134.95589999999999,5,40.66,58,41,99,3.7,NTB,G,SEM,BR,BR,BR,SOUTHEAST,BRAND+TIRES
"February 22, 2026 - February 28, 2026",NTB,541-822-9321,NTB_G_SEM_CP_MIDWEST_FIRESTONE,NTB - Midwest - Maximize Conversion - Competitors,USD,45,1121,0.332,0,0.668,27,0.05,12,12.67,3.55,0,0,0,0,0,0,0,0,0,0,0,3377,0,2255.8360000000002,0,0,12,0,12,3.4,NTB,G,SEM,CP,CP,CP,MIDWEST,FIRESTONE
"February 22, 2026 - February 28, 2026",NTB,541-822-9321,NTB_G_SEM_CP_NORTHEAST_DISCOUNT TIRE,NTB - Northeast - Maximize Conversion - Competitors,USD,66.66,1083,0.4055,0,0.5945,40,0.1952,0,14.89,4.48,0,0,0,0,1.2,0,0,0,0,2,0,2671,0,1587.9095,1.2,2,1,2,3,4,NTB,G,SEM,CP,CP,CP,NORTHEAST,DISCOUNT TIRE
"February 22, 2026 - February 28, 2026",NTB,541-822-9321,NTB_G_SEM_CP_NORTHEAST_GOODYEAR,NTB - Northeast - Maximize Conversion - Competitors,USD,97.37,932,0.562,0,0.438,62,0.2073,13,21.83,4.46,0,0,0,0,0,0,0,0,0,2,0,1658,0,726.204,0,2,13,2,15,4,NTB,G,SEM,CP,CP,CP,NORTHEAST,GOODYEAR
"February 22, 2026 - February 28, 2026",NTB,541-822-9321,NTB_G_SEM_BR_MIDWEST_BRAND+SERVICES,NTB - Midwest - Maximize Conversion - Brand,USD,565.34,916,0.6638,0.2738,0.0623,275,0.4515,79,97.54,5.8,0,0,0,0,1.5,0,0,0,0,27.4,0,1380,377.844,85.974,1.5,27.4,81,27,108,4.3,NTB,G,SEM,BR,BR,BR,MIDWEST,BRAND+SERVICES
"February 22, 2026 - February 28, 2026",NTB,541-822-9321,NTB_G_SEM_CP_CAROLINAS_FIRESTONE,NTB - Carolinas - Maximize Conversion - Competitors,USD,31.37,782,0.2875,0,0.7125,14,0.05,3,2.5,12.55,0,0,0,0,0,0,0,0,0,0,0,2720,0,1938,0,0,3,0,3,4.5,NTB,G,SEM,CP,CP,CP,CAROLINAS,FIRESTONE
"February 22, 2026 - February 28, 2026",NTB,541-822-9321,NTB_G_SEM_CP_SOUTHEAST_GOODYEAR,NTB - Southeast - Maximize Conversion - Competitors,USD,27.41,499,0.463,0,0.537,18,0.197,3,3,9.14,0,0,0,0,0,0,0,0,0,0,0,1078,0,578.8860000000001,0,0,3,0,3,5,NTB,G,SEM,CP,CP,CP,SOUTHEAST,GOODYEAR
"February 22, 2026 - February 28, 2026",NTB,541-822-9321,NTB_G_SEM_CP_TEXAS_GOODYEAR,NTB - Texas - Maximize Conversion - Competitors,USD,46.62,445,0.3318,0,0.6682,22,0.1535,8,6.32,7.37,0,0,0,0,0,0,0,0,0,0,0,1341,0,896.0562,0,0,8,0,8,4.2,NTB,G,SEM,CP,CP,CP,TEXAS,GOODYEAR
"February 22, 2026 - February 28, 2026",NTB,541-822-9321,NTB_G_SEM_NB TIRES_MIDWEST_WINTER TIRES,NTB - Midwest - Maximize Conversion - Non-Brand - Tires,USD,23.88,405,0.1791,0,0.8209,16,0.1363,1,3.39,7.04,0,0,0,0,0,0,0,0,0,0,0,2261,0,1856.0548999999999,0,0,1,0,1,4.8,NTB,G,SEM,NB TIRES,NB TIRES,WINTER TIRES,MIDWEST,TIRES
"February 22, 2026 - February 28, 2026",NTB,541-822-9321,NTB_G_SEM_CP_VIRGINIAS_GOODYEAR,NTB - Virginias - Maximize Conversion - Competitors,USD,32.79,362,0.5011,0,0.4989,21,0.2373,8,14,2.34,0,0,0,0,2,0,0,0,0,0,0,722,0,360.2058,2,0,10,0,10,3.3,NTB,G,SEM,CP,CP,CP,VIRGINIAS,GOODYEAR
"February 22, 2026 - February 28, 2026",NTB,541-822-9321,NTB_G_SEM_CP_MIDWEST_GOODYEAR,NTB - Midwest - Maximize Conversion - Competitors,USD,14.3,277,0.3237,0,0.6763,8,0.1362,2,1.5,9.54,0,0,0,0,0,0,0,0,0,0,0,856,0,578.9128000000001,0,0,2,0,2,3.4,NTB,G,SEM,CP,CP,CP,MIDWEST,GOODYEAR
"February 22, 2026 - February 28, 2026",NTB,541-822-9321,NTB_G_SEM_BR_SOUTHEAST_BRAND+SERVICES,NTB - Southeast - Maximize Conversion - Brand,USD,76.87,211,0.8182,0,0.1818,49,0.6258,9,9,8.54,0,0,0,0,0,0,0,0,0,0.5,0,258,0,46.904399999999995,0,0.5,9,1,10,3.7,NTB,G,SEM,BR,BR,BR,SOUTHEAST,BRAND+SERVICES
"February 22, 2026 - February 28, 2026",NTB,541-822-9321,NTB_G_SEM_CP_CAROLINAS_GOODYEAR,NTB - Carolinas - Maximize Conversion - Competitors,USD,21.69,186,0.3941,0,0.6059,8,0.1486,3,3,7.23,0,0,0,0,0,0,0,0,0,0,0,472,0,285.9848,0,0,3,0,3,4.5,NTB,G,SEM,CP,CP,CP,CAROLINAS,GOODYEAR
"February 22, 2026 - February 28, 2026",NTB,541-822-9321,NTB_G_SEM_BR_CAROLINAS_BRAND+SERVICES,NTB - Carolinas - Maximize Conversion - Brand,USD,51.35,142,0.7798,0,0.2202,43,0.6728,6,9.76,5.26,0,0,0,0,1,0,0,0,0,3.33,0,182,0,40.0764,1,3.33,7,3,10,4,NTB,G,SEM,BR,BR,BR,CAROLINAS,BRAND+SERVICES
"February 22, 2026 - February 28, 2026",Express Oil Change & Tire Engineers,891-756-4202,EOC_G_PMX_Central Eastern, --,USD,4170.97,193600,0.05,0.3532,0.5648,3544,0.05,202,309.1,13.49,13.44,0,13,0,0,0,0,120.34,0,0,0,3872000,1367590.4000000001,2186905.6,13,120.34,215,120,335,,EOC,G,PMX,PMX,PMX,PMX,Central Eastern,0
"February 22, 2026 - February 28, 2026",Express Oil Change & Tire Engineers,891-756-4202,EOC_G_PMX_Southern, --,USD,3348.33,187958,0.05,0.2796,0.6496,3222,0.05,133,295.38,11.34,13.1,0,8,0,0,0,0,86.45,0,0,0,3759160,1051061.1360000002,2441950.3359999997,8,86.45,141,86,227,,EOC,G,PMX,PMX,PMX,PMX,Southern,0
"February 22, 2026 - February 28, 2026",Express Oil Change & Tire Engineers,891-756-4202,EOC_G_PMX_Southeastern, --,USD,2147.78,138832,0.05,0.3111,0.6057,2400,0.05,154,226.59,9.48,13.08,0,7.19,0,0,0,0,82.7,0,0,0,2776640,863812.7039999999,1681810.848,7.19,82.7,161,83,244,,EOC,G,PMX,PMX,PMX,PMX,Southeastern,0
"February 22, 2026 - February 28, 2026",Express Oil Change & Tire Engineers,891-756-4202,EOC_G_PMX_Alabama, --,USD,2653.74,121836,0.2016,0.0481,0.7503,2066,0.2152,110,157.87,16.81,13.5,0,1,0,0,0,0,65.03,0,0,0,604345,29068.994499999997,453440.0535,1,65.03,111,65,176,,EOC,G,PMX,PMX,PMX,PMX,Alabama,0
"February 22, 2026 - February 28, 2026",Express Oil Change & Tire Engineers,891-756-4202,EOC_G_SEM_NB_SOUTHEASTERN_Oil Change,EOC - Southeastern - Maximize Conversion - Oil Change,USD,13012.53,77142,0.5154,0,0.4846,6527,0.3592,858,3183.72,4.09,0,0,17,0,0,0,0,176.92,0,0,0,149674,0,72532.0204,17,176.92,875,177,1052,4.2,EOC,G,SEM,NB OIL CHANGE,NB,OIL CHANGE,SOUTHEASTERN,Oil Change
"February 22, 2026 - February 28, 2026",Express Oil Change & Tire Engineers,891-756-4202,EOC_G_SEM_NB_CENTRAL EASTERN_Oil Change,EOC - Central Eastern - Maximize Conversion - Oil Change,USD,14738.93,75063,0.4739,0,0.5261,6982,0.386,877,2422.98,6.08,0,0,44.66,0,0,0,0,265.31,0,0,0,158394,0,83331.0834,44.66,265.31,922,265,1187,5.2,EOC,G,SEM,NB OIL CHANGE,NB,OIL CHANGE,CENTRAL EASTERN,Oil Change
"February 22, 2026 - February 28, 2026",Express Oil Change & Tire Engineers,891-756-4202,EOC_G_SEM_NB_SOUTHERN_Oil Change,EOC - Southern - Maximize Conversion - Oil Change,USD,10204.27,72407,0.398,0,0.602,4798,0.2661,632,2283.56,4.47,0,0,15.5,0,0,0,0,137.33,0,0,0,181927,0,109520.05399999999,15.5,137.33,648,137,785,4.4,EOC,G,SEM,NB OIL CHANGE,NB,OIL CHANGE,SOUTHERN,Oil Change
"February 22, 2026 - February 28, 2026",Express Oil Change & Tire Engineers,891-756-4202,EOC_G_SEM_NB_CENTRAL EASTERN_Tire Service,EOC Central Eastern - Maximize Conversion - Non Brand -Services,USD,4289.95,44999,0.3229,0,0.6771,2509,0.2205,897,871.61,4.92,0,0,9.33,0,0,0,0,60.81,0,0,0,139359,0,94359.9789,9.33,60.81,906,61,967,4.2,EOC,G,SEM,NB TIRE SERVICE,NB,TIRE SERVICE,CENTRAL EASTERN,Tire Service
"February 22, 2026 - February 28, 2026",Express Oil Change & Tire Engineers,891-756-4202,EOC_G_SEM_NB_SOUTHERN_Service,EOC - Southern - Maximize Conversion - Non Brand - Services,USD,1733.8,42607,0.2277,0,0.7723,1699,0.124,433,433.84,4,0,0,10.5,0,0,0,0,25.33,0,0,0,187119,0,144512.0037,10.5,25.33,444,25,469,3.5,EOC,G,SEM,NB SERVICE,NB,SERVICE,SOUTHERN,Service
"February 22, 2026 - February 28, 2026",Express Oil Change & Tire Engineers,891-756-4202,EOC_G_SEM_NB_ALABAMA_Oil Change,EOC - Alabama - Maximize Conversion - Oil Change,USD,8697.61,34750,0.6408,0,0.3592,3453,0.5381,465,1501.47,5.79,0,0,8.33,0,0,0,0,86.61,0,0,0,54229,0,19479.056800000002,8.33,86.61,473,87,560,5,EOC,G,SEM,NB OIL CHANGE,NB,OIL CHANGE,ALABAMA,Oil Change
"February 22, 2026 - February 28, 2026",Express Oil Change & Tire Engineers,891-756-4202,EOC_G_SEM_NB_SOUTHEASTERN_Service,EOC - Southeastern - Maximize Conversion - Non Brand - Services,USD,1215.68,33840,0.2303,0,0.7697,1367,0.1218,346,299.48,4.06,0,0,6,0,0,0,0,16.83,0,0,0,146939,0,113098.9483,6,16.83,352,17,369,3.2,EOC,G,SEM,NB SERVICE,NB,SERVICE,SOUTHEASTERN,Service
"February 22, 2026 - February 28, 2026",Express Oil Change & Tire Engineers,891-756-4202,EOC_G_SEM_NB_CENTRAL EASTERN_Service,EOC Central Eastern - Maximize Conversion - Non Brand -Services,USD,1852.08,32724,0.2229,0,0.7771,1328,0.1423,389,369.27,5.02,0,0,2,0,0,0,0,27.33,0,0,0,146810,0,114086.051,2,27.33,391,27,418,4.2,EOC,G,SEM,NB SERVICE,NB,SERVICE,CENTRAL EASTERN,Service
"February 22, 2026 - February 28, 2026",Express Oil Change & Tire Engineers,891-756-4202,EOC_G_SEM_BR_ALABAMA_Brand Only,EOC - Alabama - Maximize Conversions - Brand,USD,10649.63,29153,0.9072,0,0.0928,5860,0.656,864,1840.1,5.79,0,0,8.04,0,0,0,0,179.71,0,0,0,32135,0,2982.1279999999997,8.04,179.71,872,180,1052,3.5,EOC,G,SEM,BR,BR,BR,ALABAMA,Brand Only
"February 22, 2026 - February 28, 2026",Express Oil Change & Tire Engineers,891-756-4202,EOC_G_SEM_NB_SOUTHERN_Tire Service,EOC - Southern - Maximize Conversion - Non Brand - Services,USD,1204.76,27182,0.2247,0,0.7753,983,0.1445,286,273.5,4.4,0,0,3,0,0,0,0,13.2,0,0,0,120970,0,93788.041,3,13.2,289,13,302,3.5,EOC,G,SEM,NB TIRE SERVICE,NB,TIRE SERVICE,SOUTHERN,Tire Service
"February 22, 2026 - February 28, 2026",Express Oil Change & Tire Engineers,891-756-4202,EOC_G_SEM_BR_SOUTHEASTERN_Brand Only,EOC - Southeastern - Maximize Conversion - Brand,USD,6852.17,21973,0.8325,0,0.1675,4828,0.6417,799,1671.21,4.1,0,0,19.31,0,0,0,0,180.05,0,0,0,26394,0,4420.995,19.31,180.05,818,180,998,3.1,EOC,G,SEM,BR,BR,BR,SOUTHEASTERN,Brand Only
"February 22, 2026 - February 28, 2026",Express Oil Change & Tire Engineers,891-756-4202,EOC_G_SEM_NB_ALABAMA_Tire Service,EOC - Alabama - Maximize Conversion - Non Brand - Services,USD,1340.13,21924,0.3312,0,0.6688,886,0.2428,300,285.3,4.7,0,0,2.5,0,0,0,0,10,0,0,0,66196,0,44271.8848,2.5,10,303,10,313,3.7,EOC,G,SEM,NB TIRE SERVICE,NB,TIRE SERVICE,ALABAMA,Tire Service
"February 22, 2026 - February 28, 2026",Express Oil Change & Tire Engineers,891-756-4202,EOC_G_SEM_NB_SOUTHEASTERN_Tire Service,EOC - Southeastern - Maximize Conversion - Non Brand - Services,USD,1099.9,21767,0.216,0,0.784,875,0.1325,320,303.82,3.62,0,0,5,0,0,0,0,27,0,0,0,100773,0,79006.032,5,27,325,27,352,3.2,EOC,G,SEM,NB TIRE SERVICE,NB,TIRE SERVICE,SOUTHEASTERN,Tire Service
"February 22, 2026 - February 28, 2026",Express Oil Change & Tire Engineers,891-756-4202,EOC_G_SEM_BR_CENTRAL EASTERN_Brand Only,EOC - Central Eastern - Maximize Conversion - Brand,USD,9824.92,20728,0.8676,0,0.1324,5136,0.7376,1028,1990.39,4.94,0,0,22,0,0,0,0,220.49,0,0,0,23891,0,3163.1683999999996,22,220.49,1050,220,1270,3.9,EOC,G,SEM,BR,BR,BR,CENTRAL EASTERN,Brand Only
"February 22, 2026 - February 28, 2026",Express Oil Change & Tire Engineers,891-756-4202,EOC_G_SEM_NB_ALABAMA_Service,EOC - Alabama - Maximize Conversion - Non Brand - Services,USD,1167.47,18373,0.2271,0,0.7729,699,0.125,254,242.38,4.82,0,0,2.33,0,0,0,0,8.75,0,0,0,80903,0,62529.928700000004,2.33,8.75,256,9,265,3.7,EOC,G,SEM,NB SERVICE,NB,SERVICE,ALABAMA,Service
"February 22, 2026 - February 28, 2026",Express Oil Change & Tire Engineers,891-756-4202,EOC_G_SEM_BR_ALABAMA_Brand+,EOC - Alabama - Maximize Conversions - Brand,USD,9097.55,15811,0.9329,0,0.0671,4587,0.6808,866,1768.24,5.14,0,0,16.29,0,0,0,0,98.57,0,0,0,16948,0,1137.2108,16.29,98.57,882,99,981,3.5,EOC,G,SEM,BR,BR,BR,ALABAMA,Brand+
"February 22, 2026 - February 28, 2026",Express Oil Change & Tire Engineers,891-756-4202,EOC_G_SEM_BR_SOUTHERN_Brand Only,EOC - Southern - Maximize Conversion - Brand,USD,3972.53,12550,0.6926,0,0.3074,2408,0.664,359,879.71,4.52,0,0,7.44,0,0,0,0,105.74,0,0,0,18120,0,5570.088,7.44,105.74,366,106,472,3,EOC,G,SEM,BR,BR,BR,SOUTHERN,Brand Only
"February 22, 2026 - February 28, 2026",Express Oil Change & Tire Engineers,891-756-4202,EOC_G_SEM_CP_SOUTHERN_TAKE 5,EOC - Southern - Maximize Conversion - Competitors,USD,256.76,12201,0.4657,0,0.5343,300,0.1259,49,48.16,5.33,0,0,0,0,0,0,0,1,0,0,0,26199,0,13998.1257,0,1,49,1,50,4,EOC,G,SEM,CP,CP,CP,SOUTHERN,TAKE 5
"February 22, 2026 - February 28, 2026",Express Oil Change & Tire Engineers,891-756-4202,EOC_G_SEM_CP_CENTRAL EASTERN_VALVOLINE,EOC - Central Eastern - Maximize Conversion - Competitors,USD,206.87,10203,0.4875,0,0.5125,226,0.1106,41,40,5.17,0,0,0,0,0,0,0,0,0,0,0,20929,0,10726.1125,0,0,41,0,41,3.5,EOC,G,SEM,CP,CP,CP,CENTRAL EASTERN,VALVOLINE
"February 22, 2026 - February 28, 2026",Express Oil Change & Tire Engineers,891-756-4202,EOC_G_SEM_BR_SOUTHEASTERN_Brand+,EOC - Southeastern - Maximize Conversion - Brand,USD,4373.89,9909,0.9016,0,0.0984,2674,0.657,484,1274.65,3.43,0,0,7.5,0,0,0,0,81.19,0,0,0,10990,0,1081.416,7.5,81.19,492,81,573,3.1,EOC,G,SEM,BR,BR,BR,SOUTHEASTERN,Brand+
"February 22, 2026 - February 28, 2026",Express Oil Change & Tire Engineers,891-756-4202,EOC_G_SEM_CP_SOUTHEASTERN_TAKE 5,EOC - Southeastern - Maximize Conversion - Competitors,USD,290.84,8825,0.4679,0,0.5321,329,0.144,71,69.83,4.16,0,0,1,0,0,0,0,5.5,0,0,0,18861,0,10035.938100000001,1,5.5,72,6,78,3.75,EOC,G,SEM,CP,CP,CP,SOUTHEASTERN,TAKE 5
"February 22, 2026 - February 28, 2026",Express Oil Change & Tire Engineers,891-756-4202,EOC_G_SEM_CP_CENTRAL EASTERN_TAKE 5,EOC - Central Eastern - Maximize Conversion - Competitors,USD,264.76,7872,0.4747,0,0.5253,279,0.15,67,63.17,4.19,0,0,1,0,0,0,0,5.33,0,0,0,16583,0,8711.0499,1,5.33,68,5,73,3.5,EOC,G,SEM,CP,CP,CP,CENTRAL EASTERN,TAKE 5
"February 22, 2026 - February 28, 2026",Express Oil Change & Tire Engineers,891-756-4202,EOC_G_SEM_NB_SOUTHERN_Brakes,EOC - Southern - Maximize Conversion - Non Brand - Brakes,USD,623.11,7636,0.1833,0,0.8167,362,0.1364,86,104.55,5.96,0,0,5,0,0,0,0,11.85,0,0,0,41658,0,34022.0886,5,11.85,91,12,103,5.5,EOC,G,SEM,NB BRAKES,NB,BRAKES,SOUTHERN,Brakes
"February 22, 2026 - February 28, 2026",Express Oil Change & Tire Engineers,891-756-4202,EOC_G_SEM_CP_SOUTHERN_VALVOLINE,EOC - Southern - Maximize Conversion - Competitors,USD,154.12,7277,0.3917,0,0.6083,136,0.05,36,32.16,4.79,0,0,0,0,0,0,0,0,0,0,0,18578,0,11300.997399999998,0,0,36,0,36,4,EOC,G,SEM,CP,CP,CP,SOUTHERN,VALVOLINE
"February 22, 2026 - February 28, 2026",Express Oil Change & Tire Engineers,891-756-4202,EOC_G_SEM_NB_CENTRAL EASTERN_Brakes,EOC-  Central Eastern - Maximize Conversion - Non Brand - Brakes,USD,623.03,6686,0.2196,0,0.7804,328,0.1707,84,96.21,6.48,0,0,4,0,0,0,0,17.5,0,0,0,30446,0,23760.058399999998,4,17.5,88,18,106,5.5,EOC,G,SEM,NB BRAKES,NB,BRAKES,CENTRAL EASTERN,Brakes
"February 22, 2026 - February 28, 2026",Express Oil Change & Tire Engineers,891-756-4202,EOC_G_SEM_CP_SOUTHERN_JIFFY LUBE,EOC - Southern - Maximize Conversion - Competitors,USD,141.12,6630,0.37,0,0.63,100,0.05,32,32.25,4.38,0,0,0,0,0,0,0,0.5,0,0,0,17919,0,11288.97,0,0.5,32,1,33,4,EOC,G,SEM,CP,CP,CP,SOUTHERN,JIFFY LUBE
"February 22, 2026 - February 28, 2026",Express Oil Change & Tire Engineers,891-756-4202,EOC_G_SEM_CP_SOUTHERN_Competitors,EOC - Southern - Maximize Conversion - Competitors,USD,312.7,6544,0.2784,0,0.7216,196,0.05,66,57.17,5.47,0,0,0,0,0,0,0,2,0,0,0,23506,0,16961.9296,0,2,66,2,68,4,EOC,G,SEM,CP,CP,CP,SOUTHERN,Competitors
"February 22, 2026 - February 28, 2026",Express Oil Change & Tire Engineers,891-756-4202,EOC_G_SEM_BR_ALABAMA_Brand+Service,EOC - Alabama - Maximize Conversions - Brand,USD,2210.59,6253,0.7732,0,0.2268,1139,0.6306,191,613.04,3.61,0,0,1,0,0,0,0,31.53,0,0,0,8087,0,1834.1316,1,31.53,192,32,224,3.5,EOC,G,SEM,BR,BR,BR,ALABAMA,Brand+Service
"February 22, 2026 - February 28, 2026",Express Oil Change & Tire Engineers,891-756-4202,EOC_G_SEM_CP_ALABAMA_Competitors,EOC - Alabama - Maximize Conversion - Competitors,USD,661.38,6220,0.4904,0,0.5096,286,0.165,110,102.5,6.45,0,0,0,0,0,0,0,3,0,0,0,12684,0,6463.7664,0,3,110,3,113,5.2,EOC,G,SEM,CP,CP,CP,ALABAMA,Competitors
"February 22, 2026 - February 28, 2026",Express Oil Change & Tire Engineers,891-756-4202,EOC_G_SEM_CP_SOUTHEASTERN_Competitors,EOC - Southeastern - Maximize Conversion - Competitors,USD,283.92,6075,0.2733,0,0.7267,187,0.05,74,70.17,4.05,0,0,0,0,0,0,0,3,0,0,0,22228,0,16153.0876,0,3,74,3,77,3.75,EOC,G,SEM,CP,CP,CP,SOUTHEASTERN,Competitors
"February 22, 2026 - February 28, 2026",Express Oil Change & Tire Engineers,891-756-4202,EOC_G_SEM_CP_SOUTHERN_FIRESTONE,EOC - Southern - Maximize Conversion - Competitors,USD,149.4,5485,0.3042,0,0.6958,105,0.05,47,43,3.47,0,0,0,0,0,0,0,1,0,0,0,18031,0,12545.969799999999,0,1,47,1,48,4,EOC,G,SEM,CP,CP,CP,SOUTHERN,FIRESTONE
"February 22, 2026 - February 28, 2026",Express Oil Change & Tire Engineers,891-756-4202,EOC_G_SEM_CP_CENTRAL EASTERN_Competitors,EOC - Central Eastern - Maximize Conversion - Competitors,USD,388.35,5413,0.2756,0,0.7244,218,0.05,120,96.82,4.01,0,0,0,0,0,0,0,0,0,0,0,19641,0,14227.940400000001,0,0,120,0,120,3.5,EOC,G,SEM,CP,CP,CP,CENTRAL EASTERN,Competitors
"February 22, 2026 - February 28, 2026",Express Oil Change & Tire Engineers,891-756-4202,EOC_G_SEM_CP_CENTRAL EASTERN_JIFFY LUBE,EOC - Central Eastern - Maximize Conversion - Competitors,USD,126.72,5331,0.4312,0,0.5688,117,0.1128,29,24.5,5.17,0,0,0,0,0,0,0,0,0,0,0,12363,0,7032.0743999999995,0,0,29,0,29,3.5,EOC,G,SEM,CP,CP,CP,CENTRAL EASTERN,JIFFY LUBE
"February 22, 2026 - February 28, 2026",Express Oil Change & Tire Engineers,891-756-4202,EOC_G_SEM_CP_CENTRAL EASTERN_FIRESTONE,EOC - Central Eastern - Maximize Conversion - Competitors,USD,169.78,5094,0.284,0,0.716,112,0.05,44,40,4.24,0,0,0,0,0,0,0,1,0,0,0,17937,0,12842.892,0,1,44,1,45,3.5,EOC,G,SEM,CP,CP,CP,CENTRAL EASTERN,FIRESTONE
"February 22, 2026 - February 28, 2026",Express Oil Change & Tire Engineers,891-756-4202,EOC_G_SEM_CP_SOUTHEASTERN_JIFFY LUBE,EOC - Southeastern - Maximize Conversion - Competitors,USD,149.3,4735,0.4365,0,0.5635,141,0.1232,48,33.83,4.41,0,0,0,0,0,0,0,0,0,0,0,10848,0,6112.848,0,0,48,0,48,3.75,EOC,G,SEM,CP,CP,CP,SOUTHEASTERN,JIFFY LUBE
"February 22, 2026 - February 28, 2026",Express Oil Change & Tire Engineers,891-756-4202,EOC_G_SEM_NB_SOUTHEASTERN_Brakes,EOC - Southeastern - Maximize Conversion - Non Brand - Brakes,USD,424.1,4630,0.1704,0,0.8296,253,0.1125,92,91.34,4.64,0,0,3,0,0,0,0,10.5,0,0,0,27171,0,22541.0616,3,10.5,95,11,106,4.5,EOC,G,SEM,NB BRAKES,NB,BRAKES,SOUTHEASTERN,Brakes
"February 22, 2026 - February 28, 2026",Express Oil Change & Tire Engineers,891-756-4202,EOC_G_SEM_CP_SOUTHEASTERN_VALVOLINE,EOC - Southeastern - Maximize Conversion - Competitors,USD,120.84,4503,0.4101,0,0.5899,123,0.05,28,25,4.83,0,0,1,0,0,0,0,0,0,0,0,10980,0,6477.102,1,0,29,0,29,3.75,EOC,G,SEM,CP,CP,CP,SOUTHEASTERN,VALVOLINE
"February 22, 2026 - February 28, 2026",Express Oil Change & Tire Engineers,891-756-4202,EOC_G_SEM_BR_SOUTHERN_Brand+,EOC - Southern - Maximize Conversion - Brand,USD,1970.95,4475,0.9019,0,0.0981,1296,0.669,216,559.83,3.52,0,0,9.56,0,0,0,0,43,0,0,0,4962,0,486.77220000000005,9.56,43,226,43,269,3,EOC,G,SEM,BR,BR,BR,SOUTHERN,Brand+
"February 22, 2026 - February 28, 2026",Express Oil Change & Tire Engineers,891-756-4202,EOC_G_SEM_NB_ALABAMA_Brakes,EOC - Alabama - Maximize Conversion - Non Brand - Brakes,USD,690.62,4425,0.2758,0,0.7242,317,0.2266,70,80.83,8.54,0,0,2.5,0,0,0,0,11,0,0,0,16044,0,11619.0648,2.5,11,73,11,84,5.75,EOC,G,SEM,NB BRAKES,NB,BRAKES,ALABAMA,Brakes
"February 22, 2026 - February 28, 2026",Express Oil Change & Tire Engineers,891-756-4202,EOC_G_SEM_BR_CENTRAL EASTERN_Brand+,EOC - Central Eastern - Maximize Conversion - Brand,USD,1500.78,3868,0.9136,0,0.0864,1017,0.7225,84,393.42,3.81,0,0,2,0,0,0,0,25.25,0,0,0,4234,0,365.8176,2,25.25,86,25,111,3.9,EOC,G,SEM,BR,BR,BR,CENTRAL EASTERN,Brand+
"February 22, 2026 - February 28, 2026",Express Oil Change & Tire Engineers,891-756-4202,EOC_G_SEM_CP_ALABAMA_FIRESTONE,EOC - Alabama - Maximize Conversion - Competitors,USD,215.95,3432,0.5142,0,0.4858,95,0.1132,42,40.5,5.33,0,0,0,0,0,0,0,3,0,0,0,6674,0,3242.2292,0,3,42,3,45,5.2,0,0,0,0,0,0,0,0
"February 22, 2026 - February 28, 2026",Express Oil Change & Tire Engineers,891-756-4202,EOC_G_SEM_BR_SOUTHEASTERN_Brand+Service,EOC - Southeastern - Maximize Conversion - Brand,USD,813.93,2900,0.6964,0,0.3036,509,0.6129,65,333.76,2.44,0,0,0,0,0,0,0,19.5,0,0,0,4164,0,1264.1904,0,19.5,65,20,85,3.1,EOC,G,SEM,BR,BR,BR,SOUTHEASTERN,Brand+Service
"February 22, 2026 - February 28, 2026",Express Oil Change & Tire Engineers,891-756-4202,EOC_G_SEM_CP_SOUTHERN_DISCOUNT TIRE,EOC - Southern - Maximize Conversion - Competitors,USD,62.9,2842,0.2663,0,0.7337,53,0.05,13,12.9,4.88,0,0,0,0,0,0,0,0,0,0,0,10672,0,7830.0464,0,0,13,0,13,4,EOC,G,SEM,CP,CP,CP,SOUTHERN,DISCOUNT TIRE
"February 22, 2026 - February 28, 2026",Express Oil Change & Tire Engineers,891-756-4202,EOC_G_SEM_BR_SOUTHERN_Brand+Service,EOC - Southern - Maximize Conversion - Brand,USD,1314.11,2649,0.7856,0,0.2144,671,0.643,141,384.41,3.42,0,0,2,0,0,0,0,18.2,0,0,0,3372,0,722.9568,2,18.2,143,18,161,3,EOC,G,SEM,BR,BR,BR,SOUTHERN,Brand+Service
"February 22, 2026 - February 28, 2026",Express Oil Change & Tire Engineers,891-756-4202,EOC_G_SEM_CP_SOUTHEASTERN_FIRESTONE,EOC - Southeastern - Maximize Conversion - Competitors,USD,85.46,2454,0.2564,0,0.7436,54,0.05,27,20,4.27,0,0,0,0,0,0,0,0,0,0,0,9571,0,7116.9956,0,0,27,0,27,3.75,EOC,G,SEM,CP,CP,CP,SOUTHEASTERN,FIRESTONE
"February 22, 2026 - February 28, 2026",Express Oil Change & Tire Engineers,891-756-4202,EOC_G_SEM_CP_ALABAMA_TAKE 5,EOC - Alabama - Maximize Conversion - Competitors,USD,150.01,2222,0.5462,0,0.4538,107,0.2194,16,16.84,8.91,0,0,0,0,0,0,0,1,0,0,0,4068,0,1846.0584,0,1,16,1,17,5.2,EOC,G,SEM,CP,CP,CP,ALABAMA,TAKE 5
"February 22, 2026 - February 28, 2026",Express Oil Change & Tire Engineers,891-756-4202,EOC_G_SEM_CP_CENTRAL EASTERN_DISCOUNT TIRE,EOC - Central Eastern - Maximize Conversion - Competitors,USD,29.19,1937,0.2141,0,0.7859,34,0.05,5,6.5,4.49,0,0,0,0,0,0,0,1,0,0,0,9047,0,7110.0373,0,1,5,1,6,3.5,EOC,G,SEM,CP,CP,CP,CENTRAL EASTERN,DISCOUNT TIRE
"February 22, 2026 - February 28, 2026",Express Oil Change & Tire Engineers,891-756-4202,EOC_G_SEM_BR_CENTRAL EASTERN_Brand+Service,EOC - Central Eastern - Maximize Conversion - Brand,USD,377.89,1583,0.7398,0,0.2602,254,0.6725,30,39.35,9.6,0,0,0,0,0,0,0,3.33,0,0,0,2140,0,556.828,0,3.33,30,3,33,3.9,EOC,G,SEM,BR,BR,BR,CENTRAL EASTERN,Brand+Service
"February 22, 2026 - February 28, 2026",Express Oil Change & Tire Engineers,891-756-4202,EOC_G_SEM_BR_ALABAMA_Brand+Oil Change,EOC - Alabama - Maximize Conversion - Oil Change,USD,802.94,1353,0.9722,0,0.0278,337,0.6612,65,174.08,4.61,0,0,0,0,0,0,0,6.5,0,0,0,1392,0,38.697599999999994,0,6.5,65,7,72,5,EOC,G,SEM,BR,BR,BR,ALABAMA,Brand+Oil Change
"February 22, 2026 - February 28, 2026",Express Oil Change & Tire Engineers,891-756-4202,EOC_G_SEM_CP_ALABAMA_VALVOLINE,EOC - Alabama - Maximize Conversion - Competitors,USD,77.46,1185,0.5726,0,0.4274,52,0.2038,13,12,6.46,0,0,0,0,0,0,0,0,0,0,0,2070,0,884.718,0,0,13,0,13,5.2,EOC,G,SEM,CP,CP,CP,ALABAMA,VALVOLINE
"February 22, 2026 - February 28, 2026",Express Oil Change & Tire Engineers,891-756-4202,EOC_G_SEM_CP_SOUTHEASTERN_DISCOUNT TIRE,EOC - Southeastern - Maximize Conversion - Competitors,USD,15.57,1162,0.2438,0,0.7562,12,0.05,4,3.5,4.45,0,0,0,0,0,0,0,0,0,0,0,4766,0,3604.0492,0,0,4,0,4,3.75,EOC,G,SEM,CP,CP,CP,SOUTHEASTERN,DISCOUNT TIRE
"February 22, 2026 - February 28, 2026",Express Oil Change & Tire Engineers,891-756-4202,EOC_G_SEM_CP_ALABAMA_JIFFY LUBE,EOC - Alabama - Maximize Conversion - Competitors,USD,117.17,1115,0.6128,0,0.3872,70,0.2432,18,18,6.51,0,0,0,0,0,0,0,0,0,0,0,1820,0,704.704,0,0,18,0,18,5.2,EOC,G,SEM,CP,CP,CP,ALABAMA,JIFFY LUBE
"February 22, 2026 - February 28, 2026",Express Oil Change & Tire Engineers,891-756-4202,EOC_G_SEM_BR_CENTRAL EASTERN_Brand+Oil Change,EOC - Central Eastern - Maximize Conversion - Oil Change,USD,629.32,1088,0.9713,0,0.0287,345,0.6881,86,158.99,3.96,0,0,1,0,0,0,0,11.33,0,0,0,1120,0,32.144,1,11.33,87,11,98,5.2,EOC,G,SEM,BR,BR,BR,CENTRAL EASTERN,Brand+Oil Change
"February 22, 2026 - February 28, 2026",Express Oil Change & Tire Engineers,891-756-4202,EOC_G_SEM_BR_SOUTHERN_Brand+Oil Change,EOC - Southern - Maximize Conversion - Oil Change,USD,319.81,873,0.8295,0,0.1705,189,0.6061,39,80.33,3.98,0,0,0,0,0,0,0,2,0,0,0,1052,0,179.366,0,2,39,2,41,4.4,EOC,G,SEM,BR,BR,BR,SOUTHERN,Brand+Oil Change
"February 22, 2026 - February 28, 2026",Express Oil Change & Tire Engineers,891-756-4202,EOC_G_SEM_BR_SOUTHEASTERN_Brand+Oil Change,EOC - Southeastern - Maximize Conversion - Oil Change,USD,223.1,766,0.8646,0,0.1354,154,0.6021,39,58.75,3.8,0,0,0,0,0,0,0,0.33,0,0,0,886,0,119.9644,0,0.33,39,0,39,4.2,EOC,G,SEM,BR,BR,BR,SOUTHEASTERN,Brand+Oil Change
"February 22, 2026 - February 28, 2026",Express Oil Change & Tire Engineers,891-756-4202,EOC_G_SEM_CP_ALABAMA_DISCOUNT TIRE,EOC - Alabama - Maximize Conversion - Competitors,USD,21.83,766,0.3449,0,0.6551,16,0.05,3,3,7.28,0,0,0,0,0,0,0,0,0,0,0,2221,0,1454.9771,0,0,3,0,3,5.2,0,0,0,0,0,0,0,0
"February 22, 2026 - February 28, 2026",Express Oil Change & Tire Engineers,891-756-4202,EOC_G_SEM_CP_SOUTHERN_GOODYEAR,EOC - Southern - Maximize Conversion - Competitors,USD,25.86,623,0.2704,0,0.7296,16,0.05,8,8,3.23,0,0,0,0,0,0,0,0,0,0,0,2304,0,1680.9984,0,0,8,0,8,4,EOC,G,SEM,CP,CP,CP,SOUTHERN,GOODYEAR
"February 22, 2026 - February 28, 2026",Express Oil Change & Tire Engineers,891-756-4202,EOC_G_SEM_CP_SOUTHEASTERN_GOODYEAR,EOC - Southeastern - Maximize Conversion - Competitors,USD,12.11,596,0.2431,0,0.7569,8,0.05,5,5.67,2.14,0,0,0,0,0,0,0,2,0,0,0,2452,0,1855.9188000000001,0,2,5,2,7,3.75,EOC,G,SEM,CP,CP,CP,SOUTHEASTERN,GOODYEAR
"February 22, 2026 - February 28, 2026",Express Oil Change & Tire Engineers,891-756-4202,EOC_G_SEM_CP_CENTRAL EASTERN_GOODYEAR,EOC - Central Eastern - Maximize Conversion - Competitors,USD,33.54,500,0.265,0,0.735,20,0.05,11,10.5,3.19,0,0,0,0,0,0,0,0,0,0,0,1887,0,1386.945,0,0,11,0,11,3.5,EOC,G,SEM,CP,CP,CP,CENTRAL EASTERN,GOODYEAR
"February 22, 2026 - February 28, 2026",Express Oil Change & Tire Engineers,891-756-4202,EOC_G_SEM_CP_ALABAMA_GOODYEAR,EOC - Alabama - Maximize Conversion - Competitors,USD,48.81,373,0.48,0,0.52,22,0.1571,7,6.5,7.51,0,0,0,0,0,0,0,0,0,0,0,777,0,404.04,0,0,7,0,7,5.2,0,0,0,0,0,0,0,0
"February 22, 2026 - February 28, 2026",Express Oil Change & Tire Engineers,891-756-4202,EOC_G_SEM_BR_ALABAMA_Brand+Brakes,EOC - Alabama - Maximize Conversions - Brand,USD,85.77,256,0.8679,0,0.1321,49,0.6247,1,11.52,7.44,0,0,1,0,0,0,0,3,0,0,0,295,0,38.9695,1,3,2,3,5,3.5,EOC,G,SEM,BR,BR,BR,ALABAMA,Brand+Brakes
"February 22, 2026 - February 28, 2026",Express Oil Change & Tire Engineers,891-756-4202,EOC_G_SEM_NS 3241_SOUTHEASTERN,EOC - SOUTHEASTERN - Maximize Conversions - Non-Brand - New Stores,USD,63.05,155,0.8851,0,0.1149,27,0.6611,1,2.83,22.26,0,0,0,0,0,0,0,1,0,0,0,175,0,20.1075,0,1,1,1,2,6.5,0,0,0,0,0,0,0,0
"February 22, 2026 - February 28, 2026",Express Oil Change & Tire Engineers,891-756-4202,EOC_G_SEM_BR_SOUTHEASTERN_Brand+Brakes,EOC - Southeastern - Maximize Conversion - Brand,USD,28.87,112,0.7632,0,0.2368,20,0.5713,2,8.73,3.31,0,0,1,0,0,0,0,0.39,0,0,0,147,0,34.8096,1,0.39,3,0,3,3.1,EOC,G,SEM,BR,BR,BR,SOUTHEASTERN,Brand+Brakes
"February 22, 2026 - February 28, 2026",Express Oil Change & Tire Engineers,891-756-4202,EOC_G_SEM_NS 3239_CENTRAL EASTERN,EOC - CENTRAL EASTERN - Maximize Conversions - Non-Brand - New Stores,USD,64,109,0.7963,0,0.2037,21,0.6995,6,4.5,14.22,0,0,0,0,0,0,0,0,0,0,0,137,0,27.9069,0,0,6,0,6,6.3,0,0,0,0,0,0,0,0
"February 22, 2026 - February 28, 2026",Express Oil Change & Tire Engineers,891-756-4202,EOC_G_SEM_NS 3260_CENTRAL EASTERN,EOC - CENTRAL EASTERN - Maximize Conversions - Non-Brand - New Stores,USD,23.36,93,0.6,0,0.4,10,0.6044,2,2,11.68,0,0,0,0,0,0,0,1,0,0,0,155,0,62,0,1,2,1,3,6.3,0,0,0,0,0,0,0,0
"February 22, 2026 - February 28, 2026",Express Oil Change & Tire Engineers,891-756-4202,EOC_G_SEM_BR_CENTRAL EASTERN_Brand+Brakes,EOC - Central Eastern - Maximize Conversion - Brand,USD,18.06,68,0.8913,0,0.1087,9,0.5952,0,1,18.06,0,0,0,0,0,0,0,0,0,0,0,76,0,8.2612,0,0,0,0,0,3.9,EOC,G,SEM,BR,BR,BR,CENTRAL EASTERN,Brand+Brakes
"February 22, 2026 - February 28, 2026",Express Oil Change & Tire Engineers,891-756-4202,EOC_G_SEM_BR_SOUTHERN_Brand+Brakes,EOC - Southern - Maximize Conversion - Brand,USD,6.16,50,0.875,0,0.125,5,0.4274,0,1,6.16,0,0,0,0,0,0,0,0,0,0,0,57,0,7.125,0,0,0,0,0,3,EOC,G,SEM,BR,BR,BR,SOUTHERN,Brand+Brakes
"February 22, 2026 - February 28, 2026",Express Oil Change & Tire Engineers,891-756-4202,EOC_G_SEM_NS 834_SOUTHEASTERN,EOC - SOUTHEASTERN - Maximize Conversions - Non-Brand - New Stores,USD,0,8,0.175,0,0.825,0,0,0,0,0,0,0,0,0,0,0,0,0,0,0,0,46,0,37.949999999999996,0,0,0,0,0,6.5,0,0,0,0,0,0,0,0
"February 22, 2026 - February 28, 2026",Tire Kingdom,758-216-0380,TK_G_PMX_FLORIDA, --,USD,6080.63,206671,0.2941,0.0218,0.6841,4019,0.1223,1123,1111.32,5.47,5.09,0,0,0,0,20.07,0,0,0,0,138.58,702724,15319.3832,480733.48840000003,20.07,138.58,1143,139,1282,,TK,G,PMX,PMX,PMX,PMX,FLORIDA,0
"February 22, 2026 - February 28, 2026",Tire Kingdom,758-216-0380,TK_G_SEM_NB TIRES_FLORIDA_TIRES,TK - Florida - Maximize Conversions - Non-Brand - Tires,USD,26183.7,185237,0.2927,0.2609,0.4464,12810,0.1732,2097,4501.08,5.82,0,0,0,0,0,141.83,0,0,0,0,539.9,632856,165112.13040000002,282506.9184,141.83,539.9,2239,540,2779,4.8,TK,G,SEM,NB TIRES,NB TIRES,NB TIRES,FLORIDA,TIRES
"February 22, 2026 - February 28, 2026",Tire Kingdom,758-216-0380,TK_G_SEM_NB SERVICE_FLORIDA_TIRE SERVICE,TK - Florida - Maximize Conversions - Non-Brand - Services,USD,8311.31,48944,0.405,0.282,0.313,3908,0.2172,832,1186.45,7.01,0,0,0,0,0,62.83,0,0,0,0,269.76,120849,34079.418,37825.737,62.83,269.76,895,270,1165,6.8,TK,G,SEM,NB TIRE SERVICE,NB SERVICE,TIRE SERVICE,FLORIDA,TIRE SERVICE
"February 22, 2026 - February 28, 2026",Tire Kingdom,758-216-0380,TK_G_SEM_BR_FLORIDA_BRAND ONLY,TK - Florida - Maximize Conversions - Brand,USD,23225.08,41131,0.9509,0,0.0491,11749,0.6933,3120,4244.04,5.47,0,0,0,0,0,136,0,0,0,0,1275.56,43255,0,2123.8205,136,1275.56,3256,1276,4532,5,TK,G,SEM,BR,BR,BR,FLORIDA,BRAND ONLY
"February 22, 2026 - February 28, 2026",Tire Kingdom,758-216-0380,TK_G_SEM_NB OIL CHANGE_FLORIDA_OIL CHANGE,TK - Florida - Maximize Conversions - Oil Change,USD,3145.93,30236,0.3073,0,0.6927,1235,0.1542,216,354.81,8.87,0,0,0,0,0,27.83,0,0,0,0,131.57,98392,0,68156.1384,27.83,131.57,244,132,375,8,TK,G,SEM,NB OIL CHANGE,NB OIL CHANGE,OIL CHANGE,FLORIDA,OIL CHANGE
"February 22, 2026 - February 28, 2026",Tire Kingdom,758-216-0380,TK_G_SEM_NB SERVICE_FLORIDA_AUTO SERVICE,TK - Florida - Maximize Conversions - Non-Brand - Auto Service,USD,1499.8,23002,0.1842,0,0.8158,703,0.05,274,272.08,5.51,0,0,0,0,0,3,0,0,0,0,18.33,124875,0,101873.025,3,18.33,277,18,295,5.4,TK,G,SEM,NB AUTO SERVICE,NB SERVICE,AUTO SERVICE,FLORIDA,AUTO SERVICE
"February 22, 2026 - February 28, 2026",Tire Kingdom,758-216-0380,TK_G_SEM_BR_FLORIDA_BRAND+,TK - Florida - Maximize Conversions - Brand,USD,16571.58,22537,0.8753,0.031,0.0938,7153,0.6313,2526,2933.29,5.65,0,0,0,0,0,135.43,0,0,0,0,521.64,25748,798.188,2415.1623999999997,135.43,521.64,2661,522,3183,5,TK,G,SEM,BR,BR,BR,FLORIDA,BRAND+
"February 22, 2026 - February 28, 2026",Tire Kingdom,758-216-0380,TK_G_SEM_NB SERVICE_FLORIDA_BRAKES,TK - Florida - Maximize Conversions - Non-Brand - Brakes,USD,3938.71,21737,0.2473,0,0.7527,1511,0.2178,246,390.3,10.09,0,0,0,0,0,30.5,0,0,0,0,114.92,87897,0,66160.07190000001,30.5,114.92,277,115,391,8.5,TK,G,SEM,NB BRAKES,NB SERVICE,BRAKES,FLORIDA,BRAKES
"February 22, 2026 - February 28, 2026",Tire Kingdom,758-216-0380,TK_G_SEM_CP_FLORIDA_COMPETITORS,TK - Florida - Maximize Conversions - Competitors,USD,1081.69,18775,0.3089,0,0.6911,711,0.1166,130,255.7,4.23,0,0,0,0,0,7.5,0,0,0,0,36.5,60780,0,42005.058000000005,7.5,36.5,138,37,174,3.7,TK,G,SEM,CP,CP,CP,FLORIDA,COMPETITORS
"February 22, 2026 - February 28, 2026",Tire Kingdom,758-216-0380,TK_G_SEM_CP_FLORIDA_DISCOUNT TIRE,TK - Florida - Maximize Conversions - Competitors,USD,482.03,7742,0.3514,0,0.6486,308,0.146,74,102.98,4.68,0,0,0,0,0,4,0,0,0,0,9.33,22032,0,14289.955199999999,4,9.33,78,9,87,3.7,TK,G,SEM,CP,CP,CP,FLORIDA,DISCOUNT TIRE
"February 22, 2026 - February 28, 2026",Tire Kingdom,758-216-0380,TK_G_SEM_CP_FLORIDA_FIRESTONE,TK - Florida - Maximize Conversions - Competitors,USD,418.26,4464,0.4841,0,0.5159,253,0.1467,95,81.71,5.12,0,0,0,0,0,3.5,0,0,0,0,2.22,9221,0,4757.1139,3.5,2.22,99,2,101,3.7,TK,G,SEM,CP,CP,CP,FLORIDA,FIRESTONE
"February 22, 2026 - February 28, 2026",Tire Kingdom,758-216-0380,TK_G_SEM_BR_FLORIDA_BRAND+SERVICES,TK - Florida - Maximize Conversions - Brand,USD,1211.74,3017,0.8738,0,0.1262,673,0.6491,152,188.18,6.44,0,0,0,0,0,6,0,0,0,0,45.9,3453,0,435.76860000000005,6,45.9,158,46,204,5,TK,G,SEM,BR,BR,BR,FLORIDA,BRAND+SERVICES
"February 22, 2026 - February 28, 2026",Tire Kingdom,758-216-0380,TK_G_SEM_BR_FLORIDA_BRAND+TIRES,TK - Florida - Maximize Conversions - Brand,USD,642.75,1657,0.8399,0,0.1601,416,0.6364,78,109.34,5.88,0,0,0,0,0,3,0,0,0,0,35,1973,0,315.8773,3,35,81,35,116,5,TK,G,SEM,BR,BR,BR,FLORIDA,BRAND+TIRES
"February 22, 2026 - February 28, 2026",Tire Kingdom,758-216-0380,TK_G_SEM_CP_FLORIDA_GOODYEAR,TK - Florida - Maximize Conversions - Competitors,USD,73.08,1355,0.4466,0,0.5534,50,0.1357,15,12.81,5.7,0,0,0,0,0,0,0,0,0,0,0,3034,0,1679.0156,0,0,15,0,15,3.7,TK,G,SEM,CP,CP,CP,FLORIDA,GOODYEAR
"February 22, 2026 - February 28, 2026",Mavis Discount Tire,685-916-8798,MAVIS_G_PMX_AA_FLORIDA_TIRE, --,USD,6352.74,267432,0.2501,0.1311,0.6188,4215,0.05,1171,1207.41,5.26,4.49,0,0,24.04,0,0,0,0,189.91,0,0,1069300,140185.22999999998,661682.84,24.04,189.91,1195,190,1385,,MAVIS,G,PMX,TIRE,PMX,PMX,FLORIDA,0
"February 22, 2026 - February 28, 2026",Mavis Discount Tire,685-916-8798,MAVIS_G_PMX_AA_GEORGIA_TIRE, --,USD,9275.83,203911,0.3231,0.1068,0.5701,5579,0.1478,1820,1836.07,5.05,4.49,0,0,35,0,0,0,0,162.78,0,0,631108,67402.3344,359794.6708,35,162.78,1855,163,2018,,MAVIS,G,PMX,TIRE,PMX,PMX,GEORGIA,0
"February 22, 2026 - February 28, 2026",Mavis Discount Tire,685-916-8798,MAVIS_G_PMX_AA_NORTH CAROLINAS, --,USD,6974.46,173506,0.3461,0.1541,0.4998,5114,0.1728,1575,1553.87,4.49,4.23,0,0,12.75,0,0,0,0,166,0,0,501318,77253.1038,250558.73640000002,12.75,166,1588,166,1754,,MAVIS,G,PMX,PMX,PMX,PMX,NORTH CAROLINA,0
"February 22, 2026 - February 28, 2026",Mavis Discount Tire,685-916-8798,MAVIS_G_SEM_NB TIRES_FLORIDA_TIRES,MAVIS - Florida 2 - Maximize Conversions - Non-Brand - Tires,USD,28269.08,170358,0.3057,0.1407,0.5536,11536,0.221,2314,4125.12,6.85,0,0,0,82.22,0,0,0,0,484.03,0,0,557272,78408.17039999999,308505.7792,82.22,484.03,2396,484,2880,5.65,MAVIS,G,SEM,NB TIRES,NB TIRES,NB TIRES,FLORIDA,TIRES
"February 22, 2026 - February 28, 2026",Mavis Discount Tire,685-916-8798,MAVIS_G_PMX_AA_PENNSYLVANIA, --,USD,4936.42,160868,0.3161,0.1774,0.5065,3468,0.1392,1035,1108.16,4.45,4,0,0,21.17,0,0,0,0,156.9,0,0,508915,90281.52100000001,257765.44749999998,21.17,156.9,1056,157,1213,,MAVIS,G,PMX,PMX,PMX,PMX,PENNSYLVANIA,0
"February 22, 2026 - February 28, 2026",Mavis Discount Tire,685-916-8798,MAVIS_G_PMX_AA_NEW JERSEY, --,USD,4146.98,160249,0.3238,0.2011,0.4752,3097,0.1332,937,923.17,4.49,3.99,0,0,13.8,0,0,0,0,73.56,0,0,494901,99524.5911,235176.9552,13.8,73.56,951,74,1024,,MAVIS,G,PMX,PMX,PMX,PMX,NEW JERSEY,0
"February 22, 2026 - February 28, 2026",Mavis Discount Tire,685-916-8798,MAVIS_G_SEM_NB TIRES_GEORGIA_TIRES,MAVIS - Georgia 2 - Maximize Conversions - Non-Brand - Tires,USD,31152.71,156386,0.4706,0,0.5294,11005,0.4667,2763,4287.04,7.27,0,0,0,110.42,0,0,0,0,459.76,0,0,332312,0,175925.9728,110.42,459.76,2873,460,3333,5.5,MAVIS,G,SEM,NB TIRES,NB TIRES,NB TIRES,GEORGIA,TIRES
"February 22, 2026 - February 28, 2026",Mavis Discount Tire,685-916-8798,MAVIS_G_SEM_NB TIRES_NORTH CAROLINAS_TIRES,MAVIS - North Carolinas 2 - Maximize Conversions - Non-Brand - Tires,USD,22429.69,140153,0.3413,0.164,0.4948,9952,0.2771,2023,3615.95,6.2,0,0,0,63.54,0,0,0,0,383.49,0,0,410645,67345.78,203187.146,63.54,383.49,2087,383,2470,5,MAVIS,G,SEM,NB TIRES,NB TIRES,0,NORTH CAROLINA,TIRES
"February 22, 2026 - February 28, 2026",Mavis Discount Tire,685-916-8798,MAVIS_G_SEM_NB TIRES_NEW JERSEY_TIRES,MAVIS - New Jersey 2 - Maximize Conversions - Non-Brand - Tires,USD,19614.5,114698,0.4483,0.0808,0.4709,8635,0.3743,1299,3001.36,6.54,0,0,0,101.79,0,0,0,0,327.83,0,0,255851,20672.7608,120480.2359,101.79,327.83,1401,328,1729,4,MAVIS,G,SEM,NB TIRES,NB TIRES,NB TIRES,NEW JERSEY,TIRES
"February 22, 2026 - February 28, 2026",Mavis Discount Tire,685-916-8798,MAVIS_G_SEM_NB TIRES_PENNSYLVANIA_TIRES,MAVIS - Pennsylvania 2 - Maximize Conversions - Non-Brand - Tires,USD,21077.66,101116,0.346,0.283,0.3711,8031,0.2615,1415,2913.77,7.23,0,0,0,83.87,0,0,0,0,374.41,0,0,292243,82704.76899999999,108451.3773,83.87,374.41,1499,374,1873,4.75,MAVIS,G,SEM,NB TIRES,NB TIRES,NB TIRES,PENNSYLVANIA,TIRES
"February 22, 2026 - February 28, 2026",Mavis Discount Tire,685-916-8798,MAVIS_G_SEM_NB TIRES_GEORGIA_TIRES_T2,MAVIS - Georgia 2 - Maximize Conversions - Non-Brand - Tires_ T2,USD,14253.53,93263,0.4441,0,0.5559,6684,0.3442,798,2022.01,7.05,0,0,0,94.75,0,0,0,0,211.81,0,0,210005,0,116741.77949999999,94.75,211.81,893,212,1105,5,MAVIS,G,SEM,NB TIRES,NB TIRES,NB TIRES,GEORGIA,TIRES_T2
"February 22, 2026 - February 28, 2026",Mavis Discount Tire,685-916-8798,MAVIS_G_PMX_AA_TEXAS, --,USD,1762.56,85560,0.2414,0.0383,0.7202,1471,0.1045,377,371.28,4.75,4,0,0,4,0,0,0,0,32.34,0,0,354432,13574.7456,255261.9264,4,32.34,381,32,413,,MAVIS,G,PMX,PMX,PMX,PMX,TEXAS,0
"February 22, 2026 - February 28, 2026",Mavis Discount Tire,685-916-8798,MAVIS_G_SEM_NB TIRES_SOUTH CAROLINAS_TIRES,MAVIS - South Carolinas 2 - Maximize Conversions - Non-Brand - Tires,USD,12459.91,84965,0.3867,0.0773,0.536,6207,0.3343,1318,2222.73,5.61,0,0,0,21,0,0,0,0,234.62,0,0,219718,16984.201399999998,117768.84800000001,21,234.62,1339,235,1574,4.1,MAVIS,G,SEM,NB TIRES,NB TIRES,0,SOUTH CAROLINA,TIRES
"February 22, 2026 - February 28, 2026",Mavis Discount Tire,685-916-8798,MAVIS_G_PMX_AA_NEW YORK - HUDSON VALLEY, --,USD,1655.42,72051,0.2488,0.1727,0.5785,1574,0.1448,446,481.43,3.44,3,0,0,14.33,0,0,0,0,71.12,0,0,289594,50012.883799999996,167530.12900000002,14.33,71.12,460,71,531,,0,0,0,0,0,0,0,0
"February 22, 2026 - February 28, 2026",Mavis Discount Tire,685-916-8798,MAVIS_G_PMX_AA_NEW YORK - WEST CENTRAL, --,USD,2001.26,69831,0.2753,0.0897,0.635,1478,0.1604,533,573.24,3.49,3,0,0,7,0,0,0,0,93.45,0,0,253654,22752.7638,161070.29,7,93.45,540,93,633,,0,0,0,0,0,0,0,0
"February 22, 2026 - February 28, 2026",Mavis Discount Tire,685-916-8798,MAVIS_G_SEM_NB TIRES_ALABAMA_TIRES,MAVIS - Alabama - Maximize Conversions - Non-Brand - Tires,USD,10565.31,68616,0.3757,0.0561,0.5682,4577,0.326,1154,1606.97,6.57,0,0,0,38.75,0,0,0,0,109.87,0,0,182635,10245.823499999999,103773.20700000001,38.75,109.87,1193,110,1303,10.5,MAVIS,G,SEM,NB TIRES,NB TIRES,0,ALABAMA,TIRES
"February 22, 2026 - February 28, 2026",Mavis Discount Tire,685-916-8798,MAVIS_G_PMX_AA_SOUTH CAROLINAS, --,USD,2501.91,68607,0.2817,0.1107,0.6075,1778,0.1509,655,627.49,3.99,3.73,0,0,6,0,0,0,0,52.19,0,0,243546,26960.5422,147954.195,6,52.19,661,52,713,,MAVIS,G,PMX,PMX,PMX,PMX,SOUTH CAROLINA,0
"February 22, 2026 - February 28, 2026",Mavis Discount Tire,685-916-8798,MAVIS_G_SEM_NB TIRES_TEXAS_TIRES,MAVIS - TEXAS - Maximize Conversions - Non-Brand - Tires,USD,7637.65,65544,0.3567,0.0404,0.6029,3873,0.2843,832,1242.57,6.15,0,0,0,19.33,0,0,0,0,104.28,0,0,183751,7423.5404,110783.4779,19.33,104.28,851,104,956,5,0,0,0,0,0,0,0,0
"February 22, 2026 - February 28, 2026",Mavis Discount Tire,685-916-8798,MAVIS_G_SEM_NB TIRES_ILLINOIS_TIRES,MAVIS - Illinois 2 - Maximize Conversions - Non-brand - Tires,USD,6229.22,59886,0.2341,0.1901,0.5758,3294,0.1802,615,1194.29,5.22,0,0,0,36.67,0,0,0,0,136.01,0,0,255814,48630.2414,147297.70119999998,36.67,136.01,652,136,788,4,MAVIS,G,SEM,NB TIRES,NB TIRES,NB TIRES,ILLINOIS,TIRES
"February 22, 2026 - February 28, 2026",Mavis Discount Tire,685-916-8798,MAVIS_G_PMX_AA_ALABAMA, --,USD,1972.7,55191,0.2643,0.0633,0.6724,1427,0.1348,475,447.8,4.41,3.75,0,0,6.5,0,0,0,0,30.95,0,0,208820,13218.305999999999,140410.568,6.5,30.95,482,31,512,,MAVIS,G,PMX,PMX,PMX,PMX,ALABAMA,0
"February 22, 2026 - February 28, 2026",Mavis Discount Tire,685-916-8798,MAVIS_G_PMX_AA_NEW YORK - LONG ISLAND, --,USD,1208.37,50841,0.3159,0.0477,0.6364,1072,0.1962,281,303.63,3.98,3.45,0,0,6.75,0,0,0,0,37.52,0,0,160940,7676.838,102422.216,6.75,37.52,288,38,325,,MAVIS,G,PMX,PMX,PMX,PMX,NEW YORK - LONG ISLAND,0
"February 22, 2026 - February 28, 2026",Mavis Discount Tire,685-916-8798,MAVIS_G_PMX_AA_GULF STATES, --,USD,1973.78,49209,0.2975,0.0517,0.6508,1416,0.1758,501,460.49,4.29,3.47,0,0,7.67,0,0,0,0,20.83,0,0,165408,8551.5936,107647.5264,7.67,20.83,509,21,530,,0,0,0,0,0,0,0,0
"February 22, 2026 - February 28, 2026",Mavis Discount Tire,685-916-8798,TUF_G_SEM_NB TIRES_NATIONAL_TIRES,TUF 2 - National - Maximize Conversions - Non-Brand - Tires,USD,6934.07,47007,0.288,0,0.712,2755,0.2675,701,890.2,7.79,0,0,0,12.33,0,0,0,0,40.33,0,0,163219,0,116211.928,12.33,40.33,713,40,754,6.5,TUF,G,SEM,NB TIRES,NB TIRES,NB TIRES,NATIONAL,TIRES
"February 22, 2026 - February 28, 2026",Mavis Discount Tire,685-916-8798,MAVIS_G_SEM_NB TIRES_NEW YORK - HUDSON VALLEY_TIRES,MAVIS - New York - Hudson Valley - Maximize Conversions - Non-Brand - Tires,USD,7650.25,44370,0.2827,0.321,0.3963,3380,0.2273,503,1143.06,6.69,0,0,0,40.17,0,0,0,0,137.52,0,0,156951,50381.271,62199.6813,40.17,137.52,543,138,681,5.25,MAVIS,G,SEM,NB TIRES,NB TIRES,NB TIRES,NEW YORK - HUDSON VALLEY,TIRES
"February 22, 2026 - February 28, 2026",Mavis Discount Tire,685-916-8798,MAVIS_G_SEM_NB TIRES_NEW YORK - WEST CENTRAL_TIRES,MAVIS - New York - West Central - Maximize Conversions - Non-Brand - Tires,USD,6740.25,42348,0.3989,0.0666,0.5345,3153,0.3151,436,1174.42,5.74,0,0,0,30,0,0,0,0,182.96,0,0,106162,7070.3892000000005,56743.589,30,182.96,466,183,649,4.25,MAVIS,G,SEM,NB TIRES,NB TIRES,NB TIRES,NEW YORK - WEST CENTRAL,TIRES
"February 22, 2026 - February 28, 2026",Mavis Discount Tire,685-916-8798,MAVIS_G_PMX_AA_ILLINOIS, --,USD,839.49,42056,0.1995,0.0097,0.7908,867,0.104,256,248.32,3.38,3,0,0,7.33,0,0,0,0,13.83,0,0,210807,2044.8279,166706.1756,7.33,13.83,263,14,277,,MAVIS,G,PMX,PMX,PMX,PMX,ILLINOIS,0
"February 22, 2026 - February 28, 2026",Mavis Discount Tire,685-916-8798,MAVIS_G_SEM_NB TIRES_NEW YORK - LONG ISLAND_TIRES,MAVIS - New York - Long Island 2 - Maximize Conversions - Non-Brand - Tires,USD,6467.13,34950,0.3875,0.2438,0.3687,2694,0.3166,448,851.83,7.59,0,0,0,25.67,0,0,0,0,93.41,0,0,90194,21989.297199999997,33254.5278,25.67,93.41,474,93,567,6,MAVIS,G,SEM,NB TIRES,NB TIRES,NB TIRES,NEW YORK - LONG ISLAND,TIRES
"February 22, 2026 - February 28, 2026",Mavis Discount Tire,685-916-8798,MAVIS_G_SEM_NB TIRES_GULF STATES_TIRES,MAVIS - Gulf States - Maximize Conversions - Non-Brand - Tires,USD,3889.5,33442,0.2625,0.1313,0.6062,2213,0.2497,524,828.37,4.7,0,0,0,14.5,0,0,0,0,75.62,0,0,127398,16727.3574,77228.6676,14.5,75.62,539,76,614,3.5,MAVIS,G,SEM,NB TIRES,NB TIRES,NB TIRES,GULF STATES,TIRES
"February 22, 2026 - February 28, 2026",Mavis Discount Tire,685-916-8798,MAVIS_G_SEM_NB TIRES_TEXAS_TIRES_T2,MAVIS - Texas - Maximize Conversions - Non-Brand - Tires_ T2,USD,2839.41,31554,0.1633,0,0.8367,1682,0.1321,297,496.01,5.72,0,0,0,6,0,0,0,0,49,0,0,193227,0,161673.0309,6,49,303,49,352,5,0,0,0,0,0,0,0,0
"February 22, 2026 - February 28, 2026",Mavis Discount Tire,685-916-8798,MAVIS_G_SEM_NB OIL CHANGE_NEW JERSEY_OIL CHANGE,MAVIS - New Jersey - Maximize Conversions Non-Brand - Oil Change,USD,4715.58,30835,0.367,0.1542,0.4788,1849,0.268,271,549.45,8.58,0,0,0,50,0,0,0,0,225.83,0,0,84019,12955.729800000001,40228.2972,50,225.83,321,226,547,7.15,MAVIS,G,SEM,NB OIL CHANGE,NB OIL CHANGE,OIL CHANGE,NEW JERSEY,OIL CHANGE
"February 22, 2026 - February 28, 2026",Mavis Discount Tire,685-916-8798,MAVIS_G_SEM_NB SERVICE_NEW JERSEY_TIRE SERVICE,MAVIS - New Jersey 2 - Maximize Conversions - Non-Brand - Services,USD,5826.04,30222,0.4635,0.0919,0.4446,2451,0.394,660,824.05,7.07,0,0,0,23.08,0,0,0,0,145.98,0,0,65204,5992.2476,28989.6984,23.08,145.98,683,146,829,5.5,MAVIS,G,SEM,NB TIRE SERVICE,NB SERVICE,TIRE SERVICE,NEW JERSEY,TIRE SERVICE
"February 22, 2026 - February 28, 2026",Mavis Discount Tire,685-916-8798,MAVIS_G_SEM_BR_NEW JERSEY_BRAND ONLY,MAVIS - New Jersey 2 - Maximize Conversions - Brand,USD,9531.83,29638,0.8453,0.0359,0.1188,7678,0.6289,2304,3071.08,3.1,0,0,0,118.41,0,0,0,0,834.37,0,0,35062,1258.7258,4165.3656,118.41,834.37,2422,834,3257,2.5,MAVIS,G,SEM,BR,BR,BR,NEW JERSEY,BRAND ONLY
"February 22, 2026 - February 28, 2026",Mavis Discount Tire,685-916-8798,MAVIS_G_PMX_AA_NEW YORK - NYC BOROUGHS, --,USD,583.79,29555,0.2623,0.0324,0.7054,663,0.1371,155,167.74,3.48,3.75,0,0,4.05,0,0,0,0,18.5,0,0,112676,3650.7023999999997,79481.6504,4.05,18.5,159,19,178,,0,0,0,0,0,0,0,0
"February 22, 2026 - February 28, 2026",Mavis Discount Tire,685-916-8798,MAVIS_G_SEM_BR_FLORIDA_BRAND ONLY,MAVIS - Florida 2 - Maximize Conversions - Brand,USD,16001.13,28535,0.5838,0.3624,0.0538,7211,0.4569,1837,2589.63,6.18,0,0,0,90.49,0,0,0,0,851.32,0,0,48878,17713.3872,2629.6364,90.49,851.32,1927,851,2779,4,MAVIS,G,SEM,BR,BR,BR,FLORIDA,BRAND ONLY
"February 22, 2026 - February 28, 2026",Mavis Discount Tire,685-916-8798,MAVIS_G_SEM_CP_GEORGIA_COMPETITORS,MAVIS - Georgia 2 - Maximize Conversions - Competitors,USD,2719.89,28414,0.4192,0.118,0.4628,1314,0.2066,349,521.63,5.21,0,0,0,8.67,0,0,0,0,42.04,0,0,67781,7998.157999999999,31369.0468,8.67,42.04,358,42,400,4,MAVIS,G,SEM,CP,CP,CP,GEORGIA,COMPETITORS
"February 22, 2026 - February 28, 2026",Mavis Discount Tire,685-916-8798,MAVIS_G_SEM_BR_GEORGIA_BRAND+,MAVIS - Georgia 2 - Maximize Conversions - Brand,USD,14360.33,26411,0.7621,0.1831,0.0549,8568,0.5475,3716,4095.09,3.51,0,0,0,137.51,0,0,0,0,634.88,0,0,34656,6345.5136,1902.6144,137.51,634.88,3854,635,4488,2,MAVIS,G,SEM,BR,BR,BR,GEORGIA,BRAND+
"February 22, 2026 - February 28, 2026",Mavis Discount Tire,685-916-8798,MAVIS_G_SEM_NB TIRES_MASSACHUSETTS_TIRES,MAVIS - Massachusetts 2 - Maximize Conversions - Non-Brand - Tires,USD,2805.02,26034,0.2204,0.0941,0.6855,1746,0.1705,283,808.89,3.47,0,0,0,29.67,0,0,0,0,105.37,0,0,118122,11115.280200000001,80972.631,29.67,105.37,313,105,418,2.5,MAVIS,G,SEM,NB TIRES,NB TIRES,NB TIRES,MASSACHUSETTS,TIRES
"February 22, 2026 - February 28, 2026",Mavis Discount Tire,685-916-8798,MAVIS_G_PMX_AA_MASSACHUSETTS, --,USD,562.37,25110,0.2182,0.0009,0.7809,550,0.1111,170,172.21,3.27,3,0,0,0,0,0,0,0,11.7,0,0,115078,103.5702,89864.4102,0,11.7,170,12,182,,MAVIS,G,PMX,PMX,PMX,PMX,MASSACHUSETTS,0
"February 22, 2026 - February 28, 2026",Mavis Discount Tire,685-916-8798,MAVIS_G_SEM_BR_PENNSYLVANIA_BRAND ONLY,MAVIS - Pennsylvania 2 - Maximize Conversions - Brand,USD,10755.93,24842,0.7027,0.2134,0.0839,7002,0.5265,2162,2996.49,3.59,0,0,0,94.13,0,0,0,0,917.96,0,0,35352,7544.1168,2966.0328,94.13,917.96,2256,918,3174,2.3,MAVIS,G,SEM,BR,BR,BR,PENNSYLVANIA,BRAND ONLY
"February 22, 2026 - February 28, 2026",Mavis Discount Tire,685-916-8798,MAVIS_G_SEM_NB TIRES_NEW YORK - NYC BOROUGHS_TIRES,MAVIS - New York - NYC Boroughs 2 - Maximize Conversions - Non-Brand - Tires,USD,1654.06,24790,0.1828,0.4259,0.3912,1287,0.1229,211,429.69,3.85,0,0,0,23.42,0,0,0,0,46.02,0,0,135613,57757.5767,53051.8056,23.42,46.02,234,46,280,3.5,MAVIS,G,SEM,NB TIRES,NB TIRES,NB TIRES,NEW YORK - NYC BOROUGHS,TIRES
"February 22, 2026 - February 28, 2026",Mavis Discount Tire,685-916-8798,MAVIS_G_SEM_BR_GEORGIA_BRAND ONLY,MAVIS - Georgia 2 - Maximize Conversions - Brand,USD,6453.4,24608,0.6911,0.1972,0.1117,5744,0.5338,1542,2011.67,3.21,0,0,0,74.58,0,0,0,0,561.71,0,0,35607,7021.7004,3977.3019,74.58,561.71,1617,562,2178,2,MAVIS,G,SEM,BR,BR,BR,GEORGIA,BRAND ONLY
"February 22, 2026 - February 28, 2026",Mavis Discount Tire,685-916-8798,MAVIS_G_SEM_NB SERVICE_GEORGIA_TIRE SERVICE,MAVIS - Georgia 2 - Maximize Conversions - Non-Brand - Services,USD,4489.07,22336,0.3564,0.1713,0.4722,2243,0.3246,531,813.24,5.52,0,0,0,64.5,0,0,0,0,213.28,0,0,62671,10735.542300000001,29593.2462,64.5,213.28,596,213,809,4,MAVIS,G,SEM,NB TIRE SERVICE,NB SERVICE,TIRE SERVICE,GEORGIA,TIRE SERVICE
"February 22, 2026 - February 28, 2026",Mavis Discount Tire,685-916-8798,MAVIS_G_SEM_NB SERVICE_GEORGIA_BRAKES,MAVIS - Georgia 2 - Maximize Conversions - Non-Brand - Brakes,USD,6695.11,22242,0.2659,0.2599,0.4742,1876,0.2973,384,566.05,11.83,0,0,0,33.83,0,0,0,0,151.83,0,0,83648,21740.1152,39665.8816,33.83,151.83,418,152,570,8.5,MAVIS,G,SEM,NB BRAKES,NB SERVICE,BRAKES,GEORGIA,BRAKES
"February 22, 2026 - February 28, 2026",Mavis Discount Tire,685-916-8798,MAVIS_G_SEM_NB SERVICE_TEXAS_TIRE SERVICE,MAVIS - TEXAS - Maximize Conversions - Non-Brand - Services,USD,3090.89,20770,0.3616,0.1925,0.4459,1386,0.2358,357,431.93,7.16,0,0,0,7.67,0,0,0,0,79.17,0,0,57439,11057.0075,25612.0501,7.67,79.17,365,79,444,3.5,0,0,0,0,0,0,0,0
"February 22, 2026 - February 28, 2026",Mavis Discount Tire,685-916-8798,MAVIS_G_SEM_BR_NEW JERSEY_BRAND+,MAVIS - New Jersey 2 - Maximize Conversions - Brand,USD,9314.13,19555,0.8776,0.0297,0.0927,5749,0.6111,2523,2898.66,3.21,0,0,0,104.61,0,0,0,0,518.52,0,0,22282,661.7754,2065.5414,104.61,518.52,2628,519,3146,2.5,MAVIS,G,SEM,BR,BR,BR,NEW JERSEY,BRAND+
"February 22, 2026 - February 28, 2026",Mavis Discount Tire,685-916-8798,MAVIS_G_SEM_BR_NEW YORK - HUDSON VALLEY_BRAND ONLY,MAVIS - New York - Hudson Valley - Maximize Conversions - Brand,USD,5810.01,18864,0.706,0.1883,0.1056,4200,0.5623,965,1498.42,3.88,0,0,0,76.86,0,0,0,0,553.36,0,0,26720,5031.376,2821.632,76.86,553.36,1042,553,1595,3.5,MAVIS,G,SEM,BR,BR,BR,NEW YORK - HUDSON VALLEY,BRAND ONLY
"February 22, 2026 - February 28, 2026",Mavis Discount Tire,685-916-8798,MAVIS_G_SEM_BR_SOUTH CAROLINAS_BRAND ONLY,MAVIS - South Carolinas 2 - Maximize Conversions - Brand,USD,6618.65,18558,0.8041,0.1295,0.0664,4808,0.5518,1264,1654.86,4,0,0,0,24.25,0,0,0,0,484.9,0,0,23079,2988.7305,1532.4456,24.25,484.9,1288,485,1773,3.5,MAVIS,G,SEM,BR,BR,0,SOUTH CAROLINA,BRAND ONLY
"February 22, 2026 - February 28, 2026",Mavis Discount Tire,685-916-8798,MAVIS_G_SEM_NB OIL CHANGE_FLORIDA_OIL CHANGE,MAVIS - Florida - Maximize Conversions Non-Brand - Oil Change,USD,1897.18,18116,0.1781,0.0692,0.7527,989,0.1021,177,330.1,5.75,0,0,0,11.5,0,0,0,0,149.17,0,0,101718,7038.8856,76563.1386,11.5,149.17,189,149,338,4.9,MAVIS,G,SEM,NB OIL CHANGE,NB OIL CHANGE,OIL CHANGE,FLORIDA,OIL CHANGE
"February 22, 2026 - February 28, 2026",Mavis Discount Tire,685-916-8798,MAVIS_G_SEM_NB SERVICE_PENNSYLVANIA_TIRE SERVICE,MAVIS - Pennsylvania 2 - Maximize Conversions - Non-Brand - Services,USD,2598.31,16934,0.3003,0.2662,0.4336,1378,0.2536,320,503.8,5.16,0,0,0,30,0,0,0,0,111.9,0,0,56390,15011.018,24450.703999999998,30,111.9,350,112,462,4,MAVIS,G,SEM,NB TIRE SERVICE,NB SERVICE,TIRE SERVICE,PENNSYLVANIA,TIRE SERVICE
"February 22, 2026 - February 28, 2026",Mavis Discount Tire,685-916-8798,MAVIS_G_SEM_BR_NORTH CAROLINAS_BRAND ONLY,MAVIS - North Carolinas 2 - Maximize Conversions - Brand,USD,7006.6,16472,0.6618,0.2757,0.0625,4651,0.5039,1353,1665.89,4.21,0,0,0,38.83,0,0,0,0,459.98,0,0,24890,6862.173,1555.625,38.83,459.98,1392,460,1852,3.5,MAVIS,G,SEM,BR,BR,0,NORTH CAROLINA,BRAND ONLY
"February 22, 2026 - February 28, 2026",Mavis Discount Tire,685-916-8798,MAVIS_G_SEM_NB SERVICE_NORTH CAROLINAS_TIRE SERVICE,MAVIS - North Carolinas 2 - Maximize Conversions - Non-Brand - Services,USD,2640.81,16408,0.3364,0.1659,0.4978,1569,0.3206,345,521.88,5.06,0,0,0,22.83,0,0,0,0,146.77,0,0,48775,8091.7725,24280.195,22.83,146.77,368,147,515,4.04,MAVIS,G,SEM,NB TIRE SERVICE,NB SERVICE,0,NORTH CAROLINA,TIRE SERVICE
"February 22, 2026 - February 28, 2026",Mavis Discount Tire,685-916-8798,MAVIS_G_SEM_NB STATE INSPECTION_PENNSYLVANIA_STATE INSPECTION,MAVIS - Pennsylvania - Maximize Conversions - Non-Brand - State Inspection,USD,1962.3,16375,0.3876,0.2105,0.4019,1142,0.2662,262,459.22,4.27,0,0,0,21.17,0,0,0,0,187.75,0,0,42247,8892.9935,16979.0693,21.17,187.75,283,188,471,3.4,MAVIS,G,SEM,NB STATE INSPECTION,NB STATE INSPECTION,STATE INSPECTION,PENNSYLVANIA,STATE INSPECTION
"February 22, 2026 - February 28, 2026",Mavis Discount Tire,685-916-8798,MAVIS_G_SEM_CP_TEXAS_DISCOUNT TIRE,MAVIS - TEXAS - Maximize Conversions - Competitors,USD,1213.84,15123,0.3882,0.0268,0.5851,598,0.1789,164,181.38,6.69,0,0,0,0.01,0,0,0,0,12.33,0,0,38957,1044.0476,22793.7407,0.01,12.33,164,12,176,4.5,0,0,0,0,0,0,0,0
"February 22, 2026 - February 28, 2026",Mavis Discount Tire,685-916-8798,MAVIS_G_SEM_BR_PENNSYLVANIA_BRAND+,MAVIS - Pennsylvania 2 - Maximize Conversions - Brand,USD,8973.41,14756,0.6864,0.2531,0.0605,4776,0.4862,2011,2286.49,3.92,0,0,0,66.5,0,0,0,0,448.44,0,0,21498,5441.1438,1300.629,66.5,448.44,2078,448,2526,2.3,MAVIS,G,SEM,BR,BR,BR,PENNSYLVANIA,BRAND+
"February 22, 2026 - February 28, 2026",Mavis Discount Tire,685-916-8798,MAVIS_G_SEM_BR_NEW YORK - HUDSON VALLEY_BRAND+,MAVIS - New York - Hudson Valley - Maximize Conversions - Brand,USD,8715.88,14246,0.6717,0.2612,0.0671,3983,0.5112,1848,2163.45,4.03,0,0,0,87.17,0,0,0,0,433.42,0,0,21209,5539.7908,1423.1239,87.17,433.42,1935,433,2369,3.5,MAVIS,G,SEM,BR,BR,BR,NEW YORK - HUDSON VALLEY,BRAND+
"February 22, 2026 - February 28, 2026",Mavis Discount Tire,685-916-8798,MAVIS_G_SEM_BR_NEW YORK - WEST CENTRAL_BRAND ONLY,MAVIS - New York - West Central - Maximize Conversions - Brand,USD,7193,13570,0.6421,0.2634,0.0945,3314,0.5078,759,1216.02,5.92,0,0,0,37.83,0,0,0,0,482.82,0,0,21134,5566.695600000001,1997.163,37.83,482.82,797,483,1280,4.5,MAVIS,G,SEM,BR,BR,BR,NEW YORK - WEST CENTRAL,BRAND ONLY
"February 22, 2026 - February 28, 2026",Mavis Discount Tire,685-916-8798,MAVIS_G_SEM_NB SERVICE_ALABAMA_TIRE SERVICE,MAVIS - Alabama - Maximize Conversions - Non-Brand - Services,USD,2692.12,13295,0.4642,0.0164,0.5194,1122,0.4059,306,393.45,6.84,0,0,0,11,0,0,0,0,82.45,0,0,28641,469.71240000000006,14876.1354,11,82.45,317,82,399,6.16,MAVIS,G,SEM,NB TIRE SERVICE,NB SERVICE,0,ALABAMA,TIRE SERVICE
"February 22, 2026 - February 28, 2026",Mavis Discount Tire,685-916-8798,MAVIS_G_SEM_BR_FLORIDA_BRAND+,MAVIS - Florida 2 - Maximize Conversions - Brand,USD,10897.86,13254,0.4783,0.4831,0.0386,4188,0.3469,1612,1796.75,6.07,0,0,0,67.51,0,0,0,0,333.93,0,0,27711,13387.184099999999,1069.6446,67.51,333.93,1680,334,2013,4,MAVIS,G,SEM,BR,BR,BR,FLORIDA,BRAND+
"February 22, 2026 - February 28, 2026",Mavis Discount Tire,685-916-8798,MAVIS_G_SEM_CP_TEXAS_COMPETITORS,MAVIS - TEXAS - Maximize Conversions - Competitors,USD,845.62,12861,0.3564,0,0.6436,443,0.1709,84,131.03,6.45,0,0,0,1,0,0,0,0,17.85,0,0,36086,0,23224.9496,1,17.85,85,18,103,4.5,0,0,0,0,0,0,0,0
"February 22, 2026 - February 28, 2026",Mavis Discount Tire,685-916-8798,MAVIS_G_SEM_NB OIL CHANGE_TEXAS_OIL CHANGE,MAVIS - TEXAS - Maximize Conversions Non-Brand - Oil Change,USD,1120.57,12821,0.1068,0.4441,0.4491,498,0.05,132,143.24,7.82,0,0,0,2,0,0,0,0,17.25,0,0,120047,53312.8727,53913.1077,2,17.25,134,17,151,6,0,0,0,0,0,0,0,0
"February 22, 2026 - February 28, 2026",Mavis Discount Tire,685-916-8798,MAVIS_G_SEM_CP_GEORGIA_DISCOUNT TIRE,MAVIS - Georgia 2 - Maximize Conversions - Competitors,USD,941.14,12349,0.4737,0,0.5263,491,0.2512,128,160.02,5.88,0,0,0,2,0,0,0,0,10,0,0,26069,0,13720.1147,2,10,130,10,140,4,MAVIS,G,SEM,CP,CP,CP,GEORGIA,DISCOUNT TIRE
"February 22, 2026 - February 28, 2026",Mavis Discount Tire,685-916-8798,MAVIS_G_SEM_NB SERVICE_PENNSYLVANIA_BRAKES,MAVIS - Pennsylvania 2 - Maximize Conversions - Non-Brand - Brakes,USD,2766.07,12245,0.2831,0,0.7169,772,0.3732,128,197.72,13.99,0,0,0,11.45,0,0,0,0,56,0,0,43253,0,31008.075699999998,11.45,56,139,56,195,13,MAVIS,G,SEM,NB BRAKES,NB SERVICE,BRAKES,PENNSYLVANIA,BRAKES
"February 22, 2026 - February 28, 2026",Mavis Discount Tire,685-916-8798,MAVIS_G_SEM_NB OIL CHANGE_PENNSYLVANIA_OIL CHANGE,MAVIS - Pennsylvania - Maximize Conversions - Non-Brand - Oil Change,USD,1442.22,11926,0.3208,0.2121,0.4671,823,0.1719,158,299.25,4.82,0,0,0,18.5,0,0,0,0,135,0,0,37176,7885.029600000001,17364.9096,18.5,135,177,135,312,3.4,MAVIS,G,SEM,NB OIL CHANGE,NB OIL CHANGE,OIL CHANGE,PENNSYLVANIA,OIL CHANGE
"February 22, 2026 - February 28, 2026",Mavis Discount Tire,685-916-8798,MAVIS_G_SEM_NB SERVICE_NEW YORK - WEST CENTRAL_TIRE SERVICE,MAVIS - New York - West Central - Maximize Conversions - Non-Brand - Services,USD,2156.7,11742,0.4785,0.0155,0.506,908,0.3801,248,356.61,6.05,0,0,0,19,0,0,0,0,98.28,0,0,24539,380.3545,12416.734,19,98.28,267,98,365,4.68,MAVIS,G,SEM,NB TIRE SERVICE,NB SERVICE,TIRE SERVICE,NEW YORK - WEST CENTRAL,TIRE SERVICE
"February 22, 2026 - February 28, 2026",Mavis Discount Tire,685-916-8798,MAVIS_G_SEM_NB STATE INSPECTION_NEW YORK - WEST CENTRAL_STATE INSPECTION,MAVIS - New York - West Central - Maximize Conversions - Non-Brand - Inspection,USD,2039.68,11586,0.4977,0.071,0.4313,966,0.4271,240,422.99,4.82,0,0,0,10.33,0,0,0,0,186.42,0,0,23279,1652.8089999999997,10040.2327,10.33,186.42,250,186,437,3.82,MAVIS,G,SEM,NB STATE INSPECTION,NB STATE INSPECTION,STATE INSPECTION,NEW YORK - WEST CENTRAL,STATE INSPECTION
"February 22, 2026 - February 28, 2026",Mavis Discount Tire,685-916-8798,MAVIS_G_SEM_NB SERVICE_GULF STATES_TIRE SERVICE,MAVIS - Gulf States - Maximize Conversions - Non-Brand - Services,USD,2159.36,11292,0.3886,0.2008,0.4107,965,0.3188,319,372.74,5.79,0,0,0,8.5,0,0,0,0,57.08,0,0,29058,5834.8464,11934.1206,8.5,57.08,328,57,385,4,MAVIS,G,SEM,NB TIRE SERVICE,NB SERVICE,TIRE SERVICE,GULF STATES,TIRE SERVICE
"February 22, 2026 - February 28, 2026",Mavis Discount Tire,685-916-8798,MAVIS_G_SEM_NB OIL CHANGE_NEW YORK - WEST CENTRAL_OIL CHANGE,MAVIS - New York - West Central - Maximize Conversions - Non-Brand - Oil Change,USD,1978.49,11268,0.4571,0.0108,0.5321,587,0.3316,97,174.65,11.33,0,0,0,4.83,0,0,0,0,69.42,0,0,24651,266.2308,13116.7971,4.83,69.42,102,69,171,8.17,MAVIS,G,SEM,NB OIL CHANGE,NB OIL CHANGE,OIL CHANGE,NEW YORK - WEST CENTRAL,OIL CHANGE
"February 22, 2026 - February 28, 2026",Mavis Discount Tire,685-916-8798,MAVIS_G_SEM_CP_PENNSYLVANIA_COMPETITORS,MAVIS - Pennsylvania 2 - Maximize Conversions - Competitors,USD,960.13,11246,0.4013,0,0.5987,655,0.2477,133,290.62,3.3,0,0,0,17.5,0,0,0,0,37.63,0,0,28024,0,16777.9688,17.5,37.63,151,38,188,3,MAVIS,G,SEM,CP,CP,CP,PENNSYLVANIA,COMPETITORS
"February 22, 2026 - February 28, 2026",Mavis Discount Tire,685-916-8798,ADT_G_SEM_NB TIRES_NEW YORK_TIRES,ADT - New York - Maximize Conversions - Non-Brand - Tires,USD,1797.66,11202,0.4746,0,0.5254,725,0.372,78,219.96,8.17,0,0,0,11,0,0,0,0,22.77,0,0,23603,0,12401.0162,11,22.77,89,23,112,7.5,ADT,G,SEM,NB TIRES,NB TIRES,0,NEW YORK,TIRES
"February 22, 2026 - February 28, 2026",Mavis Discount Tire,685-916-8798,MAVIS_G_SEM_NB SERVICE_NORTH CAROLINAS_BRAKES,MAVIS - North Carolinas 2 - Maximize Conversions - Non-Brand - Brakes,USD,2845.14,11109,0.3038,0.0218,0.6745,995,0.3174,264,333.25,8.54,0,0,0,8.25,0,0,0,0,71.92,0,0,36567,797.1606,24664.4415,8.25,71.92,272,72,344,6.5,MAVIS,G,SEM,NB BRAKES,NB SERVICE,0,NORTH CAROLINA,BRAKES
"February 22, 2026 - February 28, 2026",Mavis Discount Tire,685-916-8798,MAVIS_G_SEM_CP_NORTH CAROLINAS_DISCOUNT TIRE,MAVIS - North Carolinas 2 - Maximize Conversions - Competitors,USD,677.16,10879,0.331,0.1298,0.5392,450,0.1386,100,158.96,4.26,0,0,0,0,0,0,0,0,12.5,0,0,32867,4266.1366,17721.8864,0,12.5,100,13,113,3.61,MAVIS,G,SEM,CP,CP,0,NORTH CAROLINA,DISCOUNT TIRE
"February 22, 2026 - February 28, 2026",Mavis Discount Tire,685-916-8798,MAVIS_G_SEM_BR_SOUTH CAROLINAS_BRAND+,MAVIS - South Carolinas 2 - Maximize Conversions - Brand,USD,6970.62,10502,0.7725,0.1446,0.0829,3242,0.5365,1230,1392.77,5,0,0,0,46,0,0,0,0,272.34,0,0,13595,1965.837,1127.0255,46,272.34,1276,272,1548,3.5,MAVIS,G,SEM,BR,BR,0,SOUTH CAROLINA,BRAND+
"February 22, 2026 - February 28, 2026",Mavis Discount Tire,685-916-8798,MAVIS_G_SEM_NB SERVICE_FLORIDA_AUTO SERVICE,MAVIS - Florida 2 - Maximize Conversions - Non-Brand - Auto Service,USD,1046.04,10482,0.1817,0.184,0.6343,451,0.05,161,179.23,5.84,0,0,0,6,0,0,0,0,16.58,0,0,57688,10614.592,36591.4984,6,16.58,167,17,184,5.5,MAVIS,G,SEM,NB AUTO SERVICE,NB SERVICE,AUTO SERVICE,FLORIDA,AUTO SERVICE
"February 22, 2026 - February 28, 2026",Mavis Discount Tire,685-916-8798,MAVIS_G_SEM_NB OIL CHANGE_NEW YORK - HUDSON VALLEY_OIL CHANGE,MAVIS - New York - Hudson Valley - Maximize Conversions Non-Brand - Oil Change,USD,1767.48,10440,0.4204,0.0936,0.486,539,0.3461,85,160,11.05,0,0,0,12,0,0,0,0,63.17,0,0,24833,2324.3688,12068.838,12,63.17,97,63,160,10,MAVIS,G,SEM,NB OIL CHANGE,NB OIL CHANGE,OIL CHANGE,NEW YORK - HUDSON VALLEY,OIL CHANGE
"February 22, 2026 - February 28, 2026",Mavis Discount Tire,685-916-8798,MAVIS_G_SEM_NB STATE INSPECTION_NEW YORK - HUDSON VALLEY_STATE INSPECTION,MAVIS - New York - Hudson Valley - Maximize Conversions - Non-Brand - Inspection,USD,1940.38,10158,0.4331,0.0227,0.5442,859,0.5257,182,338.02,5.74,0,0,0,16.5,0,0,0,0,139.77,0,0,23454,532.4058,12763.6668,16.5,139.77,199,140,338,4.5,MAVIS,G,SEM,NB STATE INSPECTION,NB STATE INSPECTION,STATE INSPECTION,NEW YORK - HUDSON VALLEY,STATE INSPECTION
"February 22, 2026 - February 28, 2026",Mavis Discount Tire,685-916-8798,MAVIS_G_SEM_NB SERVICE_GEORGIA_AUTO SERVICE,MAVIS - Georgia 2 - Maximize Conversions - Non-Brand - Auto Service,USD,754.51,9933,0.1173,0.0852,0.7975,371,0.1374,31,20.67,36.51,0,0,0,5.5,0,0,0,0,20.67,0,0,84680,7214.736,67532.3,5.5,20.67,37,21,57,30,MAVIS,G,SEM,NB AUTO SERVICE,NB SERVICE,AUTO SERVICE,GEORGIA,AUTO SERVICE
"February 22, 2026 - February 28, 2026",Mavis Discount Tire,685-916-8798,MAVIS_G_SEM_BR_NEW YORK - WEST CENTRAL_BRAND+,MAVIS - New York - West Central - Maximize Conversions - Brand,USD,9833.8,9890,0.6673,0.2914,0.0413,3144,0.4552,1327,1602.22,6.14,0,0,0,42.16,0,0,0,0,374.26,0,0,14821,4318.8394,612.1073,42.16,374.26,1369,374,1743,4.5,MAVIS,G,SEM,BR,BR,BR,NEW YORK - WEST CENTRAL,BRAND+
"February 22, 2026 - February 28, 2026",Mavis Discount Tire,685-916-8798,MAVIS_G_SEM_NB SERVICE_ALABAMA_AUTO SERVICE,MAVIS - Alabama - Maximize Conversions - Non-Brand - Auto Service,USD,1433.69,9576,0.3037,0.0939,0.6024,490,0.1657,220,197.36,7.26,0,0,0,2,0,0,0,0,1,0,0,31531,2960.7608999999998,18994.274400000002,2,1,222,1,223,6.75,MAVIS,G,SEM,NB AUTO SERVICE,NB SERVICE,0,ALABAMA,AUTO SERVICE
"February 22, 2026 - February 28, 2026",Mavis Discount Tire,685-916-8798,MAVIS_G_SEM_CP_FLORIDA_COMPETITORS,MAVIS - Florida 2 - Maximize Conversions - Competitors,USD,417.43,9391,0.2126,0.124,0.6634,317,0.05,89,136.81,3.05,0,0,0,0,0,0,0,0,21.37,0,0,44172,5477.3279999999995,29303.7048,0,21.37,89,21,110,2.76,MAVIS,G,SEM,CP,CP,CP,FLORIDA,COMPETITORS
"February 22, 2026 - February 28, 2026",Mavis Discount Tire,685-916-8798,MAVIS_G_SEM_BR_ALABAMA_BRAND ONLY,MAVIS - Alabama - Maximize Conversions - Brand,USD,2491.37,9388,0.841,0.0675,0.0916,2379,0.5814,695,817.24,3.05,0,0,0,17.17,0,0,0,0,167.02,0,0,11163,753.5025,1022.5308,17.17,167.02,712,167,879,3,MAVIS,G,SEM,BR,BR,0,ALABAMA,BRAND ONLY
"February 22, 2026 - February 28, 2026",Mavis Discount Tire,685-916-8798,MAVIS_G_SEM_CP_NEW JERSEY_COMPETITORS,MAVIS - New Jersey 2 - Maximize Conversions - Competitors,USD,674.96,9325,0.3499,0.0969,0.5533,430,0.1782,113,167.09,4.04,0,0,0,4,0,0,0,0,12.14,0,0,26650,2582.385,14745.445,4,12.14,117,12,129,2.75,MAVIS,G,SEM,CP,CP,CP,NEW JERSEY,COMPETITORS
"February 22, 2026 - February 28, 2026",Mavis Discount Tire,685-916-8798,MAVIS_G_SEM_NB SERVICE_NEW JERSEY_AUTO SERVICE,MAVIS - New Jersey 2 - Maximize Conversions - Non-Brand - Auto Service,USD,658.48,9315,0.1565,0,0.8435,406,0.1433,124,122.64,5.37,0,0,0,1,0,0,0,0,6.83,0,0,59521,0,50205.9635,1,6.83,125,7,132,3.5,MAVIS,G,SEM,NB AUTO SERVICE,NB SERVICE,AUTO SERVICE,NEW JERSEY,AUTO SERVICE
"February 22, 2026 - February 28, 2026",Mavis Discount Tire,685-916-8798,MAVIS_G_SEM_BR_NEW YORK - LONG ISLAND_BRAND+,MAVIS - New York - Long Island 2 - Maximize Conversions - Brand,USD,8288.25,9156,0.7328,0.2364,0.0309,2508,0.5391,965,1166.56,7.1,0,0,0,45.83,0,0,0,0,267.23,0,0,12495,2953.818,386.0955,45.83,267.23,1011,267,1278,5.25,MAVIS,G,SEM,BR,BR,BR,NEW YORK - LONG ISLAND,BRAND+
"February 22, 2026 - February 28, 2026",Mavis Discount Tire,685-916-8798,MAVIS_G_SEM_BR_NORTH CAROLINAS_BRAND+,MAVIS - North Carolinas 2 - Maximize Conversions - Brand,USD,6178.22,9002,0.6814,0.2589,0.0597,3030,0.4959,1207,1271.51,4.86,0,0,0,31.98,0,0,0,0,241.73,0,0,13211,3420.3279,788.6967000000001,31.98,241.73,1239,242,1481,3.5,MAVIS,G,SEM,BR,BR,0,NORTH CAROLINA,BRAND+
"February 22, 2026 - February 28, 2026",Mavis Discount Tire,685-916-8798,MAVIS_G_SEM_NB SERVICE_TEXAS_BRAKES,MAVIS - TEXAS - Maximize Conversions - Non-Brand - Brakes,USD,2160.82,8516,0.2256,0.1868,0.5876,568,0.1708,180,193.82,11.15,0,0,0,1.67,0,0,0,0,22,0,0,37748,7051.3264,22180.7248,1.67,22,182,22,204,7,0,0,0,0,0,0,0,0
"February 22, 2026 - February 28, 2026",Mavis Discount Tire,685-916-8798,MAVIS_G_SEM_NB SERVICE_NEW YORK - HUDSON VALLEY_TIRE SERVICE,MAVIS - New York - Hudson Valley - Maximize Conversions - Non-Brand - Services,USD,1083.91,8358,0.3703,0.0824,0.5473,587,0.3488,148,203.57,5.32,0,0,0,6,0,0,0,0,43.33,0,0,22571,1859.8504,12353.1083,6,43.33,154,43,197,4.5,MAVIS,G,SEM,NB TIRE SERVICE,NB SERVICE,TIRE SERVICE,NEW YORK - HUDSON VALLEY,TIRE SERVICE
"February 22, 2026 - February 28, 2026",Mavis Discount Tire,685-916-8798,MAVIS_G_SEM_NB SERVICE_SOUTH CAROLINAS_TIRE SERVICE,MAVIS - South Carolinas 2 - Maximize Conversions - Non-Brand - Services,USD,1228.53,8165,0.4244,0.0229,0.5527,833,0.4049,221,347.46,3.54,0,0,0,13.5,0,0,0,0,100.3,0,0,19239,440.5731,10633.3953,13.5,100.3,235,100,335,3.4,MAVIS,G,SEM,NB TIRE SERVICE,NB SERVICE,0,SOUTH CAROLINA,TIRE SERVICE
"February 22, 2026 - February 28, 2026",Mavis Discount Tire,685-916-8798,MAVIS_G_SEM_NB SERVICE_FLORIDA_TIRE SERVICE,MAVIS - Florida 2 - Maximize Conversions - Non-Brand - Services,USD,782.44,7942,0.1629,0.2359,0.6012,619,0.05,143,245.73,3.18,0,0,0,7,0,0,0,0,84,0,0,48754,11501.0686,29310.904799999997,7,84,150,84,234,2.93,MAVIS,G,SEM,NB TIRE SERVICE,NB SERVICE,TIRE SERVICE,FLORIDA,TIRE SERVICE
"February 22, 2026 - February 28, 2026",Mavis Discount Tire,685-916-8798,MAVIS_G_SEM_BR_TEXAS_BRAND ONLY,MAVIS - TEXAS - Maximize Conversions - Brand,USD,2689.62,7938,0.8269,0.0772,0.0959,2033,0.5781,514,602.12,4.47,0,0,0,14.83,0,0,0,0,132.74,0,0,9600,741.12,920.64,14.83,132.74,529,133,662,4.3,0,0,0,0,0,0,0,0
"February 22, 2026 - February 28, 2026",Mavis Discount Tire,685-916-8798,MAVIS_G_SEM_NB SERVICE_NEW JERSEY_BRAKES,MAVIS - New Jersey 2 - Maximize Conversions - Non-Brand - Brakes,USD,1554.95,7842,0.2525,0.0777,0.6697,524,0.2982,76,136.78,11.37,0,0,0,13.33,0,0,0,0,41.13,0,0,31057,2413.1289,20798.8729,13.33,41.13,89,41,130,9.5,MAVIS,G,SEM,NB BRAKES,NB SERVICE,BRAKES,NEW JERSEY,BRAKES
"February 22, 2026 - February 28, 2026",Mavis Discount Tire,685-916-8798,MAVIS_G_SEM_BR_NEW YORK - LONG ISLAND_BRAND ONLY,MAVIS - New York - Long Island 2 - Maximize Conversions - Brand,USD,4165.73,7655,0.456,0.5005,0.0435,1737,0.375,396,608.52,6.85,0,0,0,35.68,0,0,0,0,216.31,0,0,16787,8401.893499999998,730.2344999999999,35.68,216.31,432,216,648,5.25,MAVIS,G,SEM,BR,BR,BR,NEW YORK - LONG ISLAND,BRAND ONLY
"February 22, 2026 - February 28, 2026",Mavis Discount Tire,685-916-8798,MAVIS_G_SEM_CP_ILLINOIS_COMPETITORS,MAVIS - Illinois 2 - Maximize Conversions - Competitors,USD,362.17,7268,0.3132,0,0.6868,241,0.1436,47,89.23,4.06,0,0,0,0,0,0,0,0,10.7,0,0,23206,0,15937.880799999999,0,10.7,47,11,58,3.75,MAVIS,G,SEM,CP,CP,CP,ILLINOIS,COMPETITORS
"February 22, 2026 - February 28, 2026",Mavis Discount Tire,685-916-8798,MAVIS_G_SEM_NB SERVICE_ILLINOIS_BRAKES,MAVIS - Illinois 2 - Maximize Conversions - Non-Brand - Brakes,USD,1554.92,7249,0.2252,0.1471,0.6277,530,0.2379,110,146.26,10.63,0,0,0,6,0,0,0,0,35,0,0,32189,4735.0019,20205.0353,6,35,116,35,151,7,MAVIS,G,SEM,NB BRAKES,NB SERVICE,BRAKES,ILLINOIS,BRAKES
"February 22, 2026 - February 28, 2026",Mavis Discount Tire,685-916-8798,MAVIS_G_SEM_NB SERVICE_FLORIDA_BRAKES,MAVIS - Florida 2 - Maximize Conversions - Non-Brand - Brakes,USD,1367.3,7240,0.1617,0.1034,0.7349,617,0.1186,223,247.31,5.53,0,0,0,8.07,0,0,0,0,25.17,0,0,44774,4629.631600000001,32904.4126,8.07,25.17,231,25,256,4.5,MAVIS,G,SEM,NB BRAKES,NB SERVICE,BRAKES,FLORIDA,BRAKES
"February 22, 2026 - February 28, 2026",Mavis Discount Tire,685-916-8798,MAVIS_G_SEM_NB SERVICE_MASSACHUSETTS_TIRE SERVICE,MAVIS - Massachusetts 2 - Maximize Conversions - Non-Brand - Services,USD,918.75,7069,0.4017,0,0.5983,540,0.2957,129,193.25,4.75,0,0,0,12.83,0,0,0,0,40.15,0,0,17598,0,10528.8834,12.83,40.15,142,40,182,3.8,MAVIS,G,SEM,NB TIRE SERVICE,NB SERVICE,TIRE SERVICE,MASSACHUSETTS,TIRE SERVICE
"February 22, 2026 - February 28, 2026",Mavis Discount Tire,685-916-8798,MAVIS_G_SEM_NB SERVICE_GULF STATES_BRAKES,MAVIS - Gulf States - Maximize Conversions - Non-Brand - Brakes,USD,1667.59,7056,0.341,0.1764,0.4826,527,0.3214,159,177.39,9.4,0,0,0,7.5,0,0,0,0,19.03,0,0,20692,3650.0688,9985.9592,7.5,19.03,167,19,186,7.65,MAVIS,G,SEM,NB BRAKES,NB SERVICE,BRAKES,GULF STATES,BRAKES
"February 22, 2026 - February 28, 2026",Mavis Discount Tire,685-916-8798,MAVIS_G_SEM_NB SERVICE_ALABAMA_BRAKES,MAVIS - Alabama - Maximize Conversions - Non-Brand - Brakes,USD,2004.1,7015,0.349,0.1223,0.5287,556,0.315,154,178.5,11.23,0,0,0,3.83,0,0,0,0,35.5,0,0,20100,2458.23,10626.869999999999,3.83,35.5,158,36,193,9,MAVIS,G,SEM,NB BRAKES,NB SERVICE,0,ALABAMA,BRAKES
"February 22, 2026 - February 28, 2026",Mavis Discount Tire,685-916-8798,MAVIS_G_SEM_CP_ALABAMA_COMPETITORS,MAVIS - Alabama - Maximize Conversions - Competitors,USD,677.74,6969,0.5331,0,0.4669,293,0.257,101,116.28,5.83,0,0,0,2.33,0,0,0,0,5.83,0,0,13073,0,6103.7837,2.33,5.83,103,6,109,5,MAVIS,G,SEM,CP,CP,0,ALABAMA,COMPETITORS
"February 22, 2026 - February 28, 2026",Mavis Discount Tire,685-916-8798,MAVIS_G_SEM_BR_ALABAMA_BRAND+,MAVIS - Alabama - Maximize Conversions - Brand,USD,3532.68,6963,0.8319,0.0942,0.0739,2229,0.5735,937,994.37,3.55,0,0,0,26.25,0,0,0,0,131.17,0,0,8370,788.4540000000001,618.5429999999999,26.25,131.17,963,131,1094,3,MAVIS,G,SEM,BR,BR,0,ALABAMA,BRAND+
"February 22, 2026 - February 28, 2026",Mavis Discount Tire,685-916-8798,MAVIS_G_SEM_CP_NEW YORK - WEST CENTRAL_COMPETITORS,MAVIS - New York - West Central - Maximize Conversions - Competitors,USD,472.78,6885,0.4717,0,0.5283,290,0.2052,81,117.83,4.01,0,0,0,6.83,0,0,0,0,6.83,0,0,14596,0,7711.0668,6.83,6.83,88,7,95,2.8,MAVIS,G,SEM,CP,CP,CP,NEW YORK - WEST CENTRAL,COMPETITORS
"February 22, 2026 - February 28, 2026",Mavis Discount Tire,685-916-8798,MAVIS_G_SEM_NB SERVICE_NEW YORK - NYC BOROUGHS_TIRE SERVICE,MAVIS - New York - NYC Boroughs 2 - Maximize Conversions - Non-Brand - Services,USD,326.51,6877,0.2907,0.0817,0.6276,361,0.2204,71,100.56,3.25,0,0,0,5,0,0,0,0,16.33,0,0,23657,1932.7768999999998,14847.1332,5,16.33,76,16,92,3,MAVIS,G,SEM,NB TIRE SERVICE,NB SERVICE,TIRE SERVICE,NEW YORK - NYC BOROUGHS,TIRE SERVICE
"February 22, 2026 - February 28, 2026",Mavis Discount Tire,685-916-8798,MAVIS_G_SEM_NB TIRES_PENNSYLVANIA_WINTER TIRES,MAVIS - Pennsylvania 2 - Maximize Conversions - Non-Brand - Tires,USD,579.92,6859,0.3575,0,0.6425,347,0.2846,6,63.19,9.18,0,0,0,2.7,0,0,0,0,5.17,0,0,19186,0,12327.005,2.7,5.17,9,5,14,4.75,MAVIS,G,SEM,NB TIRES,NB TIRES,WINTER TIRES,PENNSYLVANIA,TIRES
"February 22, 2026 - February 28, 2026",Mavis Discount Tire,685-916-8798,MAVIS_G_SEM_NB SERVICE_TEXAS_AUTO SERVICE,MAVIS - TEXAS - Maximize Conversions - Non-Brand - Auto Service,USD,531.58,6728,0.1588,0.4618,0.3794,234,0.05,73,65.66,8.1,0,0,0,0,0,0,0,0,0.5,0,0,42368,19565.5424,16074.4192,0,0.5,73,1,74,6,0,0,0,0,0,0,0,0
"February 22, 2026 - February 28, 2026",Mavis Discount Tire,685-916-8798,MAVIS_G_SEM_CP_SOUTH CAROLINAS_DISCOUNT TIRE,MAVIS - South Carolinas 2 - Maximize Conversions - Competitors,USD,448.54,6629,0.4119,0,0.5881,309,0.1911,76,96.24,4.66,0,0,0,0,0,0,0,0,12.17,0,0,16094,0,9464.881399999998,0,12.17,76,12,88,3.3,MAVIS,G,SEM,CP,CP,0,SOUTH CAROLINA,DISCOUNT TIRE
"February 22, 2026 - February 28, 2026",Mavis Discount Tire,685-916-8798,MAVIS_G_SEM_NB SERVICE_ILLINOIS_AUTO SERVICE,MAVIS - Illinois 2 - Maximize Conversions - Non-Brand - Auto Service,USD,425.25,6572,0.2084,0,0.7916,221,0.1148,81,81,5.25,0,0,0,1,0,0,0,0,3,0,0,31536,0,24963.8976,1,3,82,3,85,4.5,MAVIS,G,SEM,NB AUTO SERVICE,NB SERVICE,AUTO SERVICE,ILLINOIS,AUTO SERVICE
"February 22, 2026 - February 28, 2026",Mavis Discount Tire,685-916-8798,MAVIS_G_SEM_NB SERVICE_NEW YORK - LONG ISLAND_TIRE SERVICE,MAVIS - New York - Long Island 2 - Maximize Conversions - Non-Brand - Services,USD,867.41,6352,0.2695,0.3451,0.3854,446,0.2591,78,118.52,7.32,0,0,0,4.67,0,0,0,0,24.42,0,0,23570,8134.0070000000005,9083.878,4.67,24.42,83,24,107,5.95,MAVIS,G,SEM,NB TIRE SERVICE,NB SERVICE,TIRE SERVICE,NEW YORK - LONG ISLAND,TIRE SERVICE
"February 22, 2026 - February 28, 2026",Mavis Discount Tire,685-916-8798,MAVIS_G_SEM_NB SERVICE_SOUTH CAROLINAS_AUTO SERVICE,MAVIS - South Carolinas 2 - Maximize Conversions - Non-Brand - Auto Service,USD,557.79,6272,0.2547,0.1065,0.6389,284,0.1567,111,105.9,5.27,0,0,0,2,0,0,0,0,10,0,0,24625,2622.5625,15732.9125,2,10,113,10,123,4,MAVIS,G,SEM,NB AUTO SERVICE,NB SERVICE,0,SOUTH CAROLINA,AUTO SERVICE
"February 22, 2026 - February 28, 2026",Mavis Discount Tire,685-916-8798,MAVIS_G_SEM_NB SERVICE_ILLINOIS_TIRE SERVICE,MAVIS - Illinois 2 - Maximize Conversions - Non-brand - Services,USD,493.92,6180,0.288,0,0.712,484,0.2304,105,175.91,2.81,0,0,0,9,0,0,0,0,60,0,0,21458,0,15278.096,9,60,114,60,174,2.25,MAVIS,G,SEM,NB TIRE SERVICE,NB SERVICE,TIRE SERVICE,ILLINOIS,TIRE SERVICE
"February 22, 2026 - February 28, 2026",Mavis Discount Tire,685-916-8798,MAVIS_G_SEM_NB OIL CHANGE_ILLINOIS_OIL CHANGE,MAVIS - Illinois - Maximize Conversions Non-Brand - Oil Change,USD,437.33,6015,0.128,0,0.872,266,0.05,57,79.68,5.49,0,0,0,3,0,0,0,0,25.5,0,0,46992,0,40977.024,3,25.5,60,26,86,4.75,MAVIS,G,SEM,NB OIL CHANGE,NB OIL CHANGE,OIL CHANGE,ILLINOIS,OIL CHANGE
"February 22, 2026 - February 28, 2026",Mavis Discount Tire,685-916-8798,MAVIS_G_SEM_NB SERVICE_SOUTH CAROLINAS_BRAKES,MAVIS - South Carolinas 2 - Maximize Conversions - Non-Brand - Brakes,USD,1312.54,5873,0.3583,0,0.6417,623,0.3457,171,205.34,6.39,0,0,0,3,0,0,0,0,44.87,0,0,16391,0,10518.104700000002,3,44.87,174,45,219,5.15,MAVIS,G,SEM,NB BRAKES,NB SERVICE,0,SOUTH CAROLINA,BRAKES
"February 22, 2026 - February 28, 2026",Mavis Discount Tire,685-916-8798,MAVIS_G_SEM_NB SERVICE_NEW YORK - LONG ISLAND_AUTO SERVICE,MAVIS - New York - Long Island 2 - Maximize Conversions - Non-Brand - Auto Service,USD,725.48,5760,0.2487,0.1153,0.636,285,0.1346,100,94.32,7.69,0,0,0,0,0,0,0,0,4.5,0,0,23160,2670.348,14729.76,0,4.5,100,5,105,6.38,MAVIS,G,SEM,NB AUTO SERVICE,NB SERVICE,AUTO SERVICE,NEW YORK - LONG ISLAND,AUTO SERVICE
"February 22, 2026 - February 28, 2026",Mavis Discount Tire,685-916-8798,MAVIS_G_SEM_BR_ILLINOIS_BRAND ONLY,MAVIS - Illinois 2 - Maximize Conversions - Brand,USD,2403.71,5656,0.7577,0.1419,0.1004,1494,0.5815,398,502.76,4.78,0,0,0,14.25,0,0,0,0,139.83,0,0,7465,1059.2835,749.486,14.25,139.83,412,140,552,4,MAVIS,G,SEM,BR,BR,BR,ILLINOIS,BRAND ONLY
"February 22, 2026 - February 28, 2026",Mavis Discount Tire,685-916-8798,MAVIS_G_SEM_CP_ILLINOIS_DISCOUNT TIRE,MAVIS - Illinois 2 - Maximize Conversions - Competitors,USD,344.04,5461,0.381,0,0.619,208,0.1561,76,93,3.7,0,0,0,1,0,0,0,0,8.9,0,0,14333,0,8872.127,1,8.9,77,9,86,3.75,MAVIS,G,SEM,CP,CP,CP,ILLINOIS,DISCOUNT TIRE
"February 22, 2026 - February 28, 2026",Mavis Discount Tire,685-916-8798,MAVIS_G_SEM_NB SERVICE_PENNSYLVANIA_AUTO SERVICE,MAVIS - Pennsylvania 2 - Maximize Conversions - Non-Brand - Auto Service,USD,328.41,5441,0.1972,0,0.8028,214,0.162,72,73.8,4.45,0,0,0,2,0,0,0,0,2,0,0,27591,0,22150.054799999998,2,2,74,2,76,3.25,MAVIS,G,SEM,NB AUTO SERVICE,NB SERVICE,AUTO SERVICE,PENNSYLVANIA,AUTO SERVICE
"February 22, 2026 - February 28, 2026",Mavis Discount Tire,685-916-8798,MAVIS_G_SEM_CP_NORTH CAROLINAS_COMPETITORS,MAVIS - North Carolinas 2 - Maximize Conversions - Competitors,USD,383.6,5267,0.2634,0.1732,0.5634,232,0.1612,61,85.38,4.49,0,0,0,1,0,0,0,0,10.33,0,0,19996,3463.3071999999997,11265.7464,1,10.33,62,10,72,3.61,MAVIS,G,SEM,CP,CP,0,NORTH CAROLINA,COMPETITORS
"February 22, 2026 - February 28, 2026",Mavis Discount Tire,685-916-8798,MAVIS_G_SEM_NB SERVICE_NORTH CAROLINAS_AUTO SERVICE,MAVIS - North Carolinas 2 - Maximize Conversions - Non-Brand - Auto Service,USD,229.08,5182,0.1117,0.121,0.7673,265,0.1265,78,74.77,3.06,0,0,0,0,0,0,0,0,3.75,0,0,46392,5613.432,35596.5816,0,3.75,78,4,82,2.55,MAVIS,G,SEM,NB AUTO SERVICE,NB SERVICE,0,NORTH CAROLINA,AUTO SERVICE
"February 22, 2026 - February 28, 2026",Mavis Discount Tire,685-916-8798,MAVIS_G_SEM_NB TIRES_NEW YORK - HUDSON VALLEY_WINTER TIRES,MAVIS - New York - Hudson Valley - Maximize Conversions - Non-Brand - Tires,USD,543.57,5126,0.3079,0.0241,0.668,365,0.2362,6,70.83,7.67,0,0,0,3,0,0,0,0,12.33,0,0,16648,401.2168,11120.864000000001,3,12.33,9,12,21,5.25,MAVIS,G,SEM,NB TIRES,NB TIRES,WINTER TIRES,NEW YORK - HUDSON VALLEY,TIRES
"February 22, 2026 - February 28, 2026",Mavis Discount Tire,685-916-8798,TUF_G_SEM_CP_NATIONAL_COMPETITORS,TUF 2 - National - Maximize Conversions - Competitors,USD,268.64,5081,0.2697,0,0.7303,164,0.1214,63,64.08,4.19,0,0,0,1,0,0,0,0,1.83,0,0,18839,0,13758.1217,1,1.83,64,2,66,4,TUF,G,SEM,CP,CP,CP,NATIONAL,COMPETITORS
"February 22, 2026 - February 28, 2026",Mavis Discount Tire,685-916-8798,MAVIS_G_SEM_NB STATE INSPECTION_NEW YORK - NYC BOROUGHS_STATE INSPECTION,MAVIS - New York - NYC Boroughs - Maximize Conversions - Non-Brand - Inspection,USD,286.65,5073,0.2232,0.4113,0.3655,241,0.1799,50,71.28,4.02,0,0,0,2.75,0,0,0,0,20.5,0,0,22728,9348.0264,8307.083999999999,2.75,20.5,53,21,73,4,MAVIS,G,SEM,NB STATE INSPECTION,NB STATE INSPECTION,STATE INSPECTION,NEW YORK - NYC BOROUGHS,STATE INSPECTION
"February 22, 2026 - February 28, 2026",Mavis Discount Tire,685-916-8798,MAVIS_G_SEM_CP_FLORIDA_DISCOUNT TIRE,MAVIS - Florida 2 - Maximize Conversions - Competitors,USD,159.7,4600,0.2213,0,0.7787,125,0.05,36,51,3.13,0,0,0,1.33,0,0,0,0,6.33,0,0,20786,0,16186.0582,1.33,6.33,37,6,44,2.76,MAVIS,G,SEM,CP,CP,CP,FLORIDA,DISCOUNT TIRE
"February 22, 2026 - February 28, 2026",Mavis Discount Tire,685-916-8798,MAVIS_G_SEM_BR_NEW YORK - NYC BOROUGHS_BRAND ONLY,MAVIS - New York - NYC Boroughs 2 - Maximize Conversions - Brand,USD,790.65,4527,0.3075,0.6085,0.084,636,0.2644,161,237.06,3.34,0,0,0,22.83,0,0,0,0,61.48,0,0,14722,8958.337000000001,1236.6480000000001,22.83,61.48,184,61,245,2.5,MAVIS,G,SEM,BR,BR,BR,NEW YORK - NYC BOROUGHS,BRAND ONLY
"February 22, 2026 - February 28, 2026",Mavis Discount Tire,685-916-8798,MAVIS_G_SEM_CP_SOUTH CAROLINAS_COMPETITORS,MAVIS - South Carolinas 2 - Maximize Conversions - Competitors,USD,382.17,4512,0.3859,0.079,0.5351,227,0.2062,73,83.84,4.56,0,0,0,0,0,0,0,0,12,0,0,11692,923.668,6256.3892000000005,0,12,73,12,85,3.3,MAVIS,G,SEM,CP,CP,0,SOUTH CAROLINA,COMPETITORS
"February 22, 2026 - February 28, 2026",Mavis Discount Tire,685-916-8798,MAVIS_G_SEM_NB SERVICE_NEW YORK - WEST CENTRAL_BRAKES,MAVIS - New York - West Central - Maximize Conversions - Non-Brand - Brakes,USD,1083.43,4451,0.2789,0.0187,0.7024,375,0.3604,50,100.17,10.82,0,0,0,12,0,0,0,0,33.67,0,0,15959,298.43330000000003,11209.6016,12,33.67,62,34,96,7.65,MAVIS,G,SEM,NB BRAKES,NB SERVICE,BRAKES,NEW YORK - WEST CENTRAL,BRAKES
"February 22, 2026 - February 28, 2026",Mavis Discount Tire,685-916-8798,MAVIS_G_SEM_NB STATE INSPECTION_NEW YORK - LONG ISLAND_STATE INSPECTION,MAVIS - New York - Long Island - Maximize Conversions - Non-Brand - Inspection,USD,758.02,4334,0.4345,0.156,0.4095,407,0.3856,112,195.77,3.87,0,0,0,3,0,0,0,0,83.02,0,0,9975,1556.1,4084.7625,3,83.02,115,83,198,4.04,MAVIS,G,SEM,NB STATE INSPECTION,NB STATE INSPECTION,STATE INSPECTION,NEW YORK - LONG ISLAND,STATE INSPECTION
"February 22, 2026 - February 28, 2026",Mavis Discount Tire,685-916-8798,MAVIS_G_SEM_CP_NEW YORK - LONG ISLAND_COMPETITORS,MAVIS - New York - Long Island 2 - Maximize Conversions - Competitors,USD,531.58,4280,0.5096,0.1367,0.3538,206,0.2613,69,85.25,6.24,0,0,0,0,0,0,0,0,4.92,0,0,8399,1148.1433,2971.5662,0,4.92,69,5,74,5.74,MAVIS,G,SEM,CP,CP,CP,NEW YORK - LONG ISLAND,COMPETITORS
"February 22, 2026 - February 28, 2026",Mavis Discount Tire,685-916-8798,MAVIS_G_SEM_BR_GULF STATES_BRAND ONLY,MAVIS - Gulf States - Maximize Conversions - Brand,USD,1228.22,4260,0.8644,0,0.1356,1132,0.658,379,444.5,2.76,0,0,0,13.5,0,0,0,0,100.32,0,0,4928,0,668.2368,13.5,100.32,393,100,493,2.25,MAVIS,G,SEM,BR,BR,BR,GULF STATES,BRAND ONLY
"February 22, 2026 - February 28, 2026",Mavis Discount Tire,685-916-8798,MAVIS_G_SEM_NB OIL CHANGE_NEW YORK - LONG ISLAND_OIL CHANGE,MAVIS - New York - Long Island - Maximize Conversions - Non-Brand - Oil Change,USD,621.89,4131,0.4212,0.0329,0.5459,272,0.2799,60,103.33,6.02,0,0,0,8.67,0,0,0,0,33.17,0,0,9808,322.6832,5354.1872,8.67,33.17,69,33,102,5.1,MAVIS,G,SEM,NB OIL CHANGE,NB OIL CHANGE,OIL CHANGE,NEW YORK - LONG ISLAND,OIL CHANGE
"February 22, 2026 - February 28, 2026",Mavis Discount Tire,685-916-8798,MAVIS_G_SEM_NB SERVICE_NEW YORK - HUDSON VALLEY_BRAKES,MAVIS - New York - Hudson Valley - Maximize Conversions - Non-Brand - Brakes,USD,901.86,3968,0.2645,0,0.7355,320,0.3316,27,57.79,15.6,0,0,0,6.5,0,0,0,0,18.62,0,0,15002,0,11033.971000000001,6.5,18.62,34,19,52,11.5,MAVIS,G,SEM,NB BRAKES,NB SERVICE,BRAKES,NEW YORK - HUDSON VALLEY,BRAKES
"February 22, 2026 - February 28, 2026",Mavis Discount Tire,685-916-8798,MAVIS_G_SEM_NB TIRES_NEW JERSEY_WINTER TIRES,MAVIS - New Jersey 2 - Maximize Conversions - Non-Brand - Tires,USD,387.77,3870,0.3356,0,0.6644,261,0.2884,2,49.55,7.83,0,0,0,3,0,0,0,0,4.48,0,0,11532,0,7661.8607999999995,3,4.48,5,4,9,4,MAVIS,G,SEM,NB TIRES,NB TIRES,WINTER TIRES,NEW JERSEY,TIRES
"February 22, 2026 - February 28, 2026",Mavis Discount Tire,685-916-8798,MAVIS_G_SEM_BR_GULF STATES_BRAND+,MAVIS - Gulf States - Maximize Conversions - Brand,USD,1550.42,3724,0.9101,0,0.0899,1083,0.6455,452,497.81,3.11,0,0,0,19.5,0,0,0,0,70.67,0,0,4092,0,367.8708,19.5,70.67,472,71,542,2.25,MAVIS,G,SEM,BR,BR,BR,GULF STATES,BRAND+
"February 22, 2026 - February 28, 2026",Mavis Discount Tire,685-916-8798,MAVIS_G_SEM_BR_MASSACHUSETTS_BRAND ONLY,MAVIS - Massachusetts 2 - Maximize Conversions - Brand,USD,1388.44,3636,0.7639,0.1051,0.131,1059,0.5869,360,432.78,3.21,0,0,0,11.83,0,0,0,0,97.74,0,0,4760,500.276,623.5600000000001,11.83,97.74,372,98,470,2.5,MAVIS,G,SEM,BR,BR,BR,MASSACHUSETTS,BRAND ONLY
"February 22, 2026 - February 28, 2026",Mavis Discount Tire,685-916-8798,MAVIS_G_SEM_CP_GULF STATES_COMPETITORS,MAVIS - Gulf States - Maximize Conversions - Competitors,USD,427.82,3563,0.4083,0,0.5917,187,0.2589,75,83.66,5.11,0,0,0,0.33,0,0,0,0,6.67,0,0,8726,0,5163.1742,0.33,6.67,75,7,82,5,MAVIS,G,SEM,CP,CP,CP,GULF STATES,COMPETITORS
"February 22, 2026 - February 28, 2026",Mavis Discount Tire,685-916-8798,TUF_G_SEM_NB SERVICE_NATIONAL_TIRE SERVICE,TUF 2 - National - Maximize Conversions - Non-Brand - Services,USD,362.74,3454,0.326,0,0.674,256,0.2519,88,102.41,3.54,0,0,0,4.67,0,0,0,0,18.33,0,0,10595,0,7141.030000000001,4.67,18.33,93,18,111,3.25,TUF,G,SEM,NB TIRE SERVICE,NB SERVICE,TIRE SERVICE,NATIONAL,TIRE SERVICE
"February 22, 2026 - February 28, 2026",Mavis Discount Tire,685-916-8798,MAVIS_G_SEM_NB SERVICE_NEW YORK - WEST CENTRAL_AUTO SERVICE,MAVIS - New York - West Central - Maximize Conversions - Non-Brand - Auto Service,USD,269.6,3305,0.2446,0.0127,0.7428,163,0.1955,80,83.49,3.23,0,0,0,2,0,0,0,0,6.5,0,0,13512,171.6024,10036.713600000001,2,6.5,82,7,89,2.55,MAVIS,G,SEM,NB AUTO SERVICE,NB SERVICE,AUTO SERVICE,NEW YORK - WEST CENTRAL,AUTO SERVICE
"February 22, 2026 - February 28, 2026",Mavis Discount Tire,685-916-8798,MAVIS_G_SEM_BR_TEXAS_BRAND+,MAVIS - TEXAS - Maximize Conversions - Brand,USD,1944.58,3165,0.7958,0.1275,0.0767,1020,0.5311,351,372.19,5.22,0,0,0,9,0,0,0,0,56.72,0,0,3977,507.0675,305.0359,9,56.72,360,57,417,4.3,0,0,0,0,0,0,0,0
"February 22, 2026 - February 28, 2026",Mavis Discount Tire,685-916-8798,MAVIS_G_SEM_BR_ILLINOIS_BRAND+,MAVIS - Illinois 2 - Maximize Conversions - Brand,USD,1806.03,3052,0.7751,0.1224,0.1025,827,0.5863,295,322.97,5.59,0,0,0,9.25,0,0,0,0,54.57,0,0,3938,482.0112,403.645,9.25,54.57,304,55,359,4,MAVIS,G,SEM,BR,BR,BR,ILLINOIS,BRAND+
"February 22, 2026 - February 28, 2026",Mavis Discount Tire,685-916-8798,MAVIS_G_SEM_CP_MASSACHUSETTS_COMPETITORS,MAVIS - Massachusetts 2 - Maximize Conversions - Competitors,USD,198.72,3048,0.2788,0,0.7212,117,0.1419,30,46.63,4.26,0,0,0,0,0,0,0,0,3.75,0,0,10933,0,7884.879599999999,0,3.75,30,4,34,3.5,MAVIS,G,SEM,CP,CP,CP,MASSACHUSETTS,COMPETITORS
"February 22, 2026 - February 28, 2026",Mavis Discount Tire,685-916-8798,MAVIS_G_SEM_CP_TEXAS_FIRESTONE,MAVIS - TEXAS - Maximize Conversions - Competitors,USD,324.28,2946,0.4252,0,0.5748,125,0.1932,50,36.83,8.8,0,0,0,1,0,0,0,0,2,0,0,6929,0,3982.7891999999997,1,2,51,2,53,4.5,0,0,0,0,0,0,0,0
"February 22, 2026 - February 28, 2026",Mavis Discount Tire,685-916-8798,MAVIS_G_SEM_NB SERVICE_NEW YORK - HUDSON VALLEY_AUTO SERVICE,MAVIS - New York - Hudson Valley - Maximize Conversions - Non-Brand - Auto Service,USD,192.5,2876,0.1866,0.1467,0.6667,124,0.1632,39,35.92,5.36,0,0,0,0,0,0,0,0,1.5,0,0,15413,2261.0870999999997,10275.847099999999,0,1.5,39,2,41,3,MAVIS,G,SEM,NB AUTO SERVICE,NB SERVICE,AUTO SERVICE,NEW YORK - HUDSON VALLEY,AUTO SERVICE
"February 22, 2026 - February 28, 2026",Mavis Discount Tire,685-916-8798,MAVIS_G_SEM_NB SERVICE_MASSACHUSETTS_BRAKES,MAVIS - Massachusetts 2 - Maximize Conversions - Non-Brand - Brakes,USD,509.61,2676,0.2352,0,0.7648,183,0.2588,40,57.01,8.94,0,0,0,7,0,0,0,0,10,0,0,11378,0,8701.894400000001,7,10,47,10,57,8.5,MAVIS,G,SEM,NB BRAKES,NB SERVICE,BRAKES,MASSACHUSETTS,BRAKES
"February 22, 2026 - February 28, 2026",Mavis Discount Tire,685-916-8798,MAVIS_G_SEM_NB SERVICE_MASSACHUSETTS_AUTO SERVICE,MAVIS - Massachusetts 2 - Maximize Conversions - Non-Brand - Auto Service,USD,107.17,2599,0.1658,0,0.8342,110,0.1457,35,34.4,3.12,0,0,0,0,0,0,0,0,0,0,0,15676,0,13076.9192,0,0,35,0,35,2.75,MAVIS,G,SEM,NB AUTO SERVICE,NB SERVICE,AUTO SERVICE,MASSACHUSETTS,AUTO SERVICE
"February 22, 2026 - February 28, 2026",Mavis Discount Tire,685-916-8798,MAVIS_G_SEM_BR_MASSACHUSETTS_BRAND+,MAVIS - Massachusetts 2 - Maximize Conversions - Brand,USD,1071.93,2506,0.8852,0,0.1148,727,0.6464,282,318.5,3.37,0,0,0,11.17,0,0,0,0,55.83,0,0,2831,0,324.9988,11.17,55.83,293,56,349,2.5,MAVIS,G,SEM,BR,BR,BR,MASSACHUSETTS,BRAND+
"February 22, 2026 - February 28, 2026",Mavis Discount Tire,685-916-8798,MAVIS_G_SEM_CP_NEW YORK - HUDSON VALLEY_COMPETITORS,MAVIS - New York - Hudson Valley - Maximize Conversions - Competitors,USD,189.94,2495,0.3931,0,0.6069,132,0.2314,52,65.65,2.89,0,0,0,3.33,0,0,0,0,6.33,0,0,6347,0,3851.9943,3.33,6.33,55,6,62,2.8,MAVIS,G,SEM,CP,CP,CP,NEW YORK - HUDSON VALLEY,COMPETITORS
"February 22, 2026 - February 28, 2026",Mavis Discount Tire,685-916-8798,MAVIS_G_SEM_NB OIL CHANGE_NEW YORK - NYC BOROUGHS_OIL CHANGE,MAVIS - New York - NYC Boroughs - Maximize Conversions - Non-Brand - Oil Change,USD,224.19,2473,0.3495,0.2051,0.4454,144,0.2383,24,43.17,5.19,0,0,0,4,0,0,0,0,14,0,0,7076,1451.2876,3151.6504,4,14,28,14,42,4.75,MAVIS,G,SEM,NB OIL CHANGE,NB OIL CHANGE,OIL CHANGE,NEW YORK - NYC BOROUGHS,OIL CHANGE
"February 22, 2026 - February 28, 2026",Mavis Discount Tire,685-916-8798,MAVIS_G_SEM_BR_NEW YORK - NYC BOROUGHS_BRAND+,MAVIS - New York - NYC Boroughs 2 - Maximize Conversions - Brand,USD,631.09,2335,0.8392,0,0.1608,488,0.6482,194,206.68,3.05,0,0,0,13.92,0,0,0,0,24.83,0,0,2782,0,447.3456,13.92,24.83,208,25,233,2.5,MAVIS,G,SEM,BR,BR,BR,NEW YORK - NYC BOROUGHS,BRAND+
"February 22, 2026 - February 28, 2026",Mavis Discount Tire,685-916-8798,MAVIS_G_SEM_BR_NEW YORK - HUDSON VALLEY_BRAND+TIRES,MAVIS - New York - Hudson Valley - Maximize Conversions - Brand,USD,876.39,2286,0.7374,0.0271,0.2355,511,0.5953,173,210.56,4.16,0,0,0,9.5,0,0,0,0,50.37,0,0,3100,84.00999999999999,730.05,9.5,50.37,183,50,233,3.5,MAVIS,G,SEM,BR,BR,BR,NEW YORK - HUDSON VALLEY,BRAND+TIRES
"February 22, 2026 - February 28, 2026",Mavis Discount Tire,685-916-8798,MAVIS_G_SEM_CP_NEW YORK - NYC BOROUGHS_COMPETITORS,MAVIS - New York - NYC Boroughs 2 - Maximize Conversions - Competitors,USD,100.69,2271,0.2526,0,0.7474,84,0.1477,16,27.65,3.64,0,0,0,0,0,0,0,0,0.5,0,0,8990,0,6719.125999999999,0,0.5,16,1,17,2,MAVIS,G,SEM,CP,CP,CP,NEW YORK - NYC BOROUGHS,COMPETITORS
"February 22, 2026 - February 28, 2026",Mavis Discount Tire,685-916-8798,MAVIS_G_SEM_BR_GEORGIA_BRAND+SERVICES,MAVIS - Georgia 2 - Maximize Conversions - Brand,USD,414.81,2145,0.7789,0,0.2211,406,0.5308,84,120.71,3.44,0,0,0,7,0,0,0,0,37.3,0,0,2754,0,608.9094,7,37.3,91,37,128,2,MAVIS,G,SEM,BR,BR,BR,GEORGIA,BRAND+SERVICES
"February 22, 2026 - February 28, 2026",Mavis Discount Tire,685-916-8798,TUF_G_SEM_NB SERVICE_NATIONAL_BRAKES,TUF 2 - National - Maximize Conversions - Non-Brand - Brakes,USD,298.39,2093,0.2687,0,0.7313,134,0.2302,41,45,6.63,0,0,0,3,0,0,0,0,3,0,0,7789,0,5696.0957,3,3,44,3,47,5,TUF,G,SEM,NB BRAKES,NB SERVICE,BRAKES,NATIONAL,BRAKES
"February 22, 2026 - February 28, 2026",Mavis Discount Tire,685-916-8798,MAVIS_G_SEM_BR_PENNSYLVANIA_BRAND+TIRES,MAVIS - Pennsylvania 2 - Maximize Conversions - Brand,USD,754.08,2044,0.8504,0,0.1496,621,0.6474,164,219.04,3.44,0,0,0,8,0,0,0,0,56.22,0,0,2404,0,359.63840000000005,8,56.22,172,56,228,2.3,MAVIS,G,SEM,BR,BR,BR,PENNSYLVANIA,BRAND+TIRES
"February 22, 2026 - February 28, 2026",Mavis Discount Tire,685-916-8798,MAVIS_G_SEM_NB SERVICE_GULF STATES_AUTO SERVICE,MAVIS - Gulf States - Maximize Conversions - Non-Brand - Auto Service,USD,207.24,1987,0.1331,0.7262,0.1408,83,0.05,23,18.5,11.2,0,0,0,0,0,0,0,0,0,0,0,14929,10841.4398,2102.0032,0,0,23,0,23,6.5,MAVIS,G,SEM,NB AUTO SERVICE,NB SERVICE,AUTO SERVICE,GULF STATES,AUTO SERVICE
"February 22, 2026 - February 28, 2026",Mavis Discount Tire,685-916-8798,MAVIS_G_SEM_CP_GULF STATES_DISCOUNT TIRE,MAVIS - Gulf States - Maximize Conversions - Competitors,USD,226.51,1920,0.5335,0,0.4665,106,0.287,30,43.52,5.2,0,0,0,5,0,0,0,0,0.58,0,0,3599,0,1678.9335,5,0.58,35,1,36,5,MAVIS,G,SEM,CP,CP,CP,GULF STATES,DISCOUNT TIRE
"February 22, 2026 - February 28, 2026",Mavis Discount Tire,685-916-8798,MAVIS_G_SEM_NB TIRES_NEW YORK - WEST CENTRAL_WINTER TIRES,MAVIS - New York - West Central - Maximize Conversions - Non-Brand - Tires,USD,172.7,1827,0.2801,0,0.7199,108,0.2278,3,24.34,7.1,0,0,0,0,0,0,0,0,2.4,0,0,6523,0,4695.9077,0,2.4,3,2,5,4.25,MAVIS,G,SEM,NB TIRES,NB TIRES,WINTER TIRES,NEW YORK - WEST CENTRAL,TIRES
"February 22, 2026 - February 28, 2026",Mavis Discount Tire,685-916-8798,MAVIS_G_SEM_BR_FLORIDA_BRAND+SERVICES,MAVIS - Florida 2 - Maximize Conversions - Brand,USD,995,1723,0.5021,0.4598,0.0381,463,0.3674,109,129.9,7.66,0,0,0,3,0,0,0,0,36.19,0,0,3432,1578.0336,130.7592,3,36.19,112,36,148,4,MAVIS,G,SEM,BR,BR,BR,FLORIDA,BRAND+SERVICES
"February 22, 2026 - February 28, 2026",Mavis Discount Tire,685-916-8798,MAVIS_G_SEM_NB OIL CHANGE_MASSACHUSETTS_OIL CHANGE,MAVIS - Massachusetts - Maximize Conversions Non-Brand - Oil Change,USD,101.03,1667,0.1253,0,0.8747,70,0.05,12,20.5,4.93,0,0,0,0,0,0,0,0,8.5,0,0,13304,0,11637.0088,0,8.5,12,9,21,4,MAVIS,G,SEM,NB OIL CHANGE,NB OIL CHANGE,OIL CHANGE,MASSACHUSETTS,OIL CHANGE
"February 22, 2026 - February 28, 2026",Mavis Discount Tire,685-916-8798,MAVIS_G_SEM_CP_GULF STATES_FIRESTONE,MAVIS - Gulf States - Maximize Conversions - Competitors,USD,312.68,1665,0.4172,0,0.5828,133,0.2532,58,44.97,6.95,0,0,0,0.99,0,0,0,0,0,0,0,3991,0,2325.9548,0.99,0,59,0,59,5,MAVIS,G,SEM,CP,CP,CP,GULF STATES,FIRESTONE
"February 22, 2026 - February 28, 2026",Mavis Discount Tire,685-916-8798,MAVIS_G_SEM_NB TIRES_NEW YORK - NYC BOROUGHS_WINTER TIRES,MAVIS - New York - NYC Boroughs 2 - Maximize Conversions - Non-Brand - Tires,USD,99.47,1657,0.1898,0.0069,0.8033,80,0.1586,6,19.21,5.18,0,0,0,1,0,0,0,0,3,0,0,8730,60.237,7012.809,1,3,7,3,10,3.5,MAVIS,G,SEM,NB TIRES,NB TIRES,WINTER TIRES,NEW YORK - NYC BOROUGHS,TIRES
"February 22, 2026 - February 28, 2026",Mavis Discount Tire,685-916-8798,MAVIS_G_SEM_NB TIRES_NEW YORK - LONG ISLAND_WINTER TIRES,MAVIS - New York - Long Island 2 - Maximize Conversions - Non-Brand - Tires,USD,293.34,1497,0.419,0.0286,0.5524,129,0.3274,23,35.85,8.18,0,0,0,1.24,0,0,0,0,2.33,0,0,3573,102.1878,1973.7252,1.24,2.33,24,2,27,6,MAVIS,G,SEM,NB TIRES,NB TIRES,WINTER TIRES,NEW YORK - LONG ISLAND,TIRES
"February 22, 2026 - February 28, 2026",Mavis Discount Tire,685-916-8798,MAVIS_G_SEM_CP_ALABAMA_DISCOUNT TIRE,MAVIS - Alabama - Maximize Conversions - Competitors,USD,127.98,1490,0.4172,0,0.5828,65,0.2282,13,17.83,7.18,0,0,0,1,0,0,0,0,0,0,0,3571,0,2081.1788,1,0,14,0,14,5,MAVIS,G,SEM,CP,CP,0,ALABAMA,DISCOUNT TIRE
"February 22, 2026 - February 28, 2026",Mavis Discount Tire,685-916-8798,MAVIS_G_SEM_NB SERVICE_NEW YORK - LONG ISLAND_BRAKES,MAVIS - New York - Long Island 2 - Maximize Conversions - Non-Brand - Brakes,USD,226.69,1480,0.2048,0.1462,0.6491,112,0.2154,10,20.62,10.99,0,0,0,1.17,0,0,0,0,6.5,0,0,7227,1056.5874,4691.0457,1.17,6.5,11,7,18,8.5,MAVIS,G,SEM,NB BRAKES,NB SERVICE,BRAKES,NEW YORK - LONG ISLAND,BRAKES
"February 22, 2026 - February 28, 2026",Mavis Discount Tire,685-916-8798,MAVIS_G_SEM_BR_PENNSYLVANIA_BRAND+SERVICES,MAVIS - Pennsylvania 2 - Maximize Conversions - Brand,USD,270.67,1337,0.7554,0,0.2446,245,0.5196,29,72.13,3.75,0,0,0,5.5,0,0,0,0,39.17,0,0,1770,0,432.942,5.5,39.17,35,39,74,2.3,MAVIS,G,SEM,BR,BR,BR,PENNSYLVANIA,BRAND+SERVICES
"February 22, 2026 - February 28, 2026",Mavis Discount Tire,685-916-8798,JWT_G_SEM_TM_PENNSYLVANIA_CORE_EX,JWT - Pennsylvania - Maximize Conversions (tCPA) - Trademark - Exact,USD,647.6,1267,0.9602,0,0.0398,298,0.7128,78,105.2,6.16,0,0,0,3,0,0,0,0,32.17,0,0,1320,0,52.536,3,32.17,81,32,113,6,JWT,G,SEM,BR,BR,BR,PENNSYLVANIA,CORE
"February 22, 2026 - February 28, 2026",Mavis Discount Tire,685-916-8798,MAVIS_G_SEM_BR_SOUTH CAROLINAS_BRAND+SERVICES,MAVIS - South Carolinas 2 - Maximize Conversions - Brand,USD,334.77,1176,0.8017,0.0493,0.149,237,0.5296,38,65.81,5.09,0,0,0,3,0,0,0,0,25.75,0,0,1467,72.3231,218.583,3,25.75,41,26,67,3.5,MAVIS,G,SEM,BR,BR,0,SOUTH CAROLINA,BRAND+SERVICES
"February 22, 2026 - February 28, 2026",Mavis Discount Tire,685-916-8798,TUF_G_SEM_CP_NATIONAL_DISCOUNT TIRE,TUF 2 - National - Maximize Conversions - Competitors,USD,69.16,1163,0.3153,0,0.6847,40,0.1303,20,18,3.84,0,0,0,0,0,0,0,0,0,0,0,3689,0,2525.8583,0,0,20,0,20,4,TUF,G,SEM,CP,CP,CP,NATIONAL,DISCOUNT TIRE
"February 22, 2026 - February 28, 2026",Mavis Discount Tire,685-916-8798,ADT_G_SEM_CP_NEW YORK_COMPETITORS,ADT - New York - Maximize Conversions - Competitors,USD,216.61,1154,0.562,0,0.438,66,0.3402,7,18.42,11.76,0,0,0,1,0,0,0,0,2.68,0,0,2053,0,899.214,1,2.68,8,3,11,10.84,ADT,G,SEM,CP,CP,0,NEW YORK,COMPETITORS
"February 22, 2026 - February 28, 2026",Mavis Discount Tire,685-916-8798,MAVIS_G_SEM_BR_NEW YORK - HUDSON VALLEY_BRAND+SERVICES,MAVIS - New York - Hudson Valley - Maximize Conversions - Brand,USD,158.49,1103,0.7773,0,0.2227,163,0.5193,7,41.13,3.85,0,0,0,3.63,0,0,0,0,30,0,0,1419,0,316.0113,3.63,30,11,30,41,3.5,MAVIS,G,SEM,BR,BR,BR,NEW YORK - HUDSON VALLEY,BRAND+SERVICES
"February 22, 2026 - February 28, 2026",Mavis Discount Tire,685-916-8798,MAVIS_G_SEM_BR_FLORIDA_BRAND+TIRES,MAVIS - Florida 2 - Maximize Conversions - Brand,USD,453.16,1080,0.4335,0.4748,0.0917,244,0.3325,51,68.16,6.65,0,0,0,2,0,0,0,0,22.99,0,0,2491,1182.7268,228.4247,2,22.99,53,23,76,4,MAVIS,G,SEM,BR,BR,BR,FLORIDA,BRAND+TIRES
"February 22, 2026 - February 28, 2026",Mavis Discount Tire,685-916-8798,MAVIS_G_SEM_BR_NEW YORK - LONG ISLAND_BRAND+TIRES,MAVIS - New York - Long Island 2 - Maximize Conversions - Brand,USD,380.92,1049,0.759,0.1025,0.1385,215,0.565,33,45.56,8.36,0,0,0,3,0,0,0,0,11.9,0,0,1382,141.655,191.407,3,11.9,36,12,48,5.25,MAVIS,G,SEM,BR,BR,BR,NEW YORK - LONG ISLAND,BRAND+TIRES
"February 22, 2026 - February 28, 2026",Mavis Discount Tire,685-916-8798,MAVIS_G_SEM_BR_NEW JERSEY_BRAND+SERVICES,MAVIS - New Jersey 2 - Maximize Conversions - Brand,USD,131.13,1049,0.7215,0,0.2785,179,0.4581,8,37.05,3.54,0,0,0,2.75,0,0,0,0,23.93,0,0,1454,0,404.939,2.75,23.93,11,24,35,2.5,MAVIS,G,SEM,BR,BR,BR,NEW JERSEY,BRAND+SERVICES
"February 22, 2026 - February 28, 2026",Mavis Discount Tire,685-916-8798,MAVIS_G_SEM_BR_NORTH CAROLINAS_BRAND+SERVICES,MAVIS - North Carolinas 2 - Maximize Conversions - Brand,USD,311.65,1042,0.7456,0.1209,0.1335,232,0.5315,59,67.57,4.61,0,0,0,0,0,0,0,0,16.33,0,0,1398,169.01819999999998,186.633,0,16.33,59,16,75,3.5,MAVIS,G,SEM,BR,BR,0,NORTH CAROLINA,BRAND+SERVICES
"February 22, 2026 - February 28, 2026",Mavis Discount Tire,685-916-8798,MAVIS_G_SEM_BR_NEW YORK - WEST CENTRAL_BRAND+TIRES,MAVIS - New York - West Central - Maximize Conversions - Brand,USD,601.64,1022,0.5837,0.2975,0.1188,272,0.4467,88,100.93,5.96,0,0,0,3.33,0,0,0,0,22.17,0,0,1751,520.9225,208.0188,3.33,22.17,91,22,114,4.5,MAVIS,G,SEM,BR,BR,BR,NEW YORK - WEST CENTRAL,BRAND+TIRES
"February 22, 2026 - February 28, 2026",Mavis Discount Tire,685-916-8798,MAVIS_G_SEM_CP_ALABAMA_FIRESTONE,MAVIS - Alabama - Maximize Conversions - Competitors,USD,212.47,954,0.5015,0.0226,0.476,88,0.2127,33,32,6.64,0,0,0,2,0,0,0,0,0,0,0,1902,42.9852,905.352,2,0,35,0,35,5,MAVIS,G,SEM,CP,CP,0,ALABAMA,FIRESTONE
"February 22, 2026 - February 28, 2026",Mavis Discount Tire,685-916-8798,MELVIN_G_SEM_BR_RHODE ISLAND_BRAND ONLY,MELVIN 2 - Rhode Island Maximize Conversions - Brand,USD,752.46,939,0.9106,0,0.0894,261,0.6866,131,145.06,5.19,0,0,0,1.5,0,0,0,0,20,0,0,1031,0,92.17139999999999,1.5,20,133,20,153,4.5,MELVIN,G,SEM,BR,BR,BR,RHODE ISLAND,BRAND ONLY
"February 22, 2026 - February 28, 2026",Mavis Discount Tire,685-916-8798,MAVIS_G_SEM_NB SERVICE_NEW YORK - NYC BOROUGHS_AUTO SERVICE,MAVIS - New York - NYC Boroughs 2 - Maximize Conversions - Non-Brand - Auto Service,USD,18.1,935,0.1546,0,0.8454,23,0.05,7,6.33,2.86,0,0,0,0,0,0,0,0,0,0,0,6048,0,5112.979200000001,0,0,7,0,7,2.5,MAVIS,G,SEM,NB AUTO SERVICE,NB SERVICE,AUTO SERVICE,NEW YORK - NYC BOROUGHS,AUTO SERVICE
"February 22, 2026 - February 28, 2026",Mavis Discount Tire,685-916-8798,MAVIS_G_SEM_CP_NORTH CAROLINAS_FIRESTONE,MAVIS - North Carolinas 2 - Maximize Conversions - Competitors,USD,118.15,929,0.3648,0.0019,0.6333,55,0.1466,32,30.49,3.87,0,0,0,0,0,0,0,0,0,0,0,2547,4.8393,1613.0150999999998,0,0,32,0,32,3.61,MAVIS,G,SEM,CP,CP,0,NORTH CAROLINA,FIRESTONE
"February 22, 2026 - February 28, 2026",Mavis Discount Tire,685-916-8798,MAVIS_G_SEM_CP_GEORGIA_FIRESTONE,MAVIS - Georgia 2 - Maximize Conversions - Competitors,USD,145.04,928,0.425,0,0.575,56,0.2078,28,23,6.31,0,0,0,0,0,0,0,0,0,0,0,2184,0,1255.8,0,0,28,0,28,4,MAVIS,G,SEM,CP,CP,CP,GEORGIA,FIRESTONE
"February 22, 2026 - February 28, 2026",Mavis Discount Tire,685-916-8798,MAVIS_G_SEM_NB SERVICE_NEW YORK - NYC BOROUGHS_BRAKES,MAVIS - New York - NYC Boroughs 2 - Maximize Conversions - Non-Brand - Brakes,USD,118.79,906,0.1272,0.039,0.8338,57,0.1606,13,15.17,7.83,0,0,0,1,0,0,0,0,2.5,0,0,7123,277.797,5939.1574,1,2.5,14,3,17,4.75,MAVIS,G,SEM,NB BRAKES,NB SERVICE,BRAKES,NEW YORK - NYC BOROUGHS,BRAKES
"February 22, 2026 - February 28, 2026",Mavis Discount Tire,685-916-8798,MAVIS_G_SEM_BR_GEORGIA_BRAND+TIRES,MAVIS - Georgia 2 - Maximize Conversions - Brand,USD,205.97,901,0.7601,0,0.2399,226,0.6084,58,69.15,2.98,0,0,0,4.5,0,0,0,0,13,0,0,1185,0,284.2815,4.5,13,63,13,76,2,MAVIS,G,SEM,BR,BR,BR,GEORGIA,BRAND+TIRES
"February 22, 2026 - February 28, 2026",Mavis Discount Tire,685-916-8798,MAVIS_G_SEM_CP_PENNSYLVANIA_FIRESTONE,MAVIS - Pennsylvania 2 - Maximize Conversions - Competitors,USD,66.95,895,0.2687,0,0.7313,42,0.05,19,16.5,4.06,0,0,0,0,0,0,0,0,0.5,0,0,3331,0,2435.9602999999997,0,0.5,19,1,20,3,MAVIS,G,SEM,CP,CP,CP,PENNSYLVANIA,FIRESTONE
"February 22, 2026 - February 28, 2026",Mavis Discount Tire,685-916-8798,MAVIS_G_SEM_BR_NEW YORK - LONG ISLAND_BRAND+SERVICES,MAVIS - New York - Long Island 2 - Maximize Conversions - Brand,USD,456.85,884,0.9332,0.0022,0.0646,164,0.6961,8,35.01,13.05,0,0,0,0,0,0,0,0,27.45,0,0,947,2.0834,61.1762,0,27.45,8,27,35,5.25,MAVIS,G,SEM,BR,BR,BR,NEW YORK - LONG ISLAND,BRAND+SERVICES
"February 22, 2026 - February 28, 2026",Mavis Discount Tire,685-916-8798,MAVIS_G_SEM_BR_NEW JERSEY_BRAND+TIRES,MAVIS - New Jersey 2 - Maximize Conversions - Brand,USD,205.1,838,0.7879,0,0.2121,256,0.6022,31,60.57,3.39,0,0,0,2,0,0,0,0,24.67,0,0,1064,0,225.67440000000002,2,24.67,33,25,58,2.5,MAVIS,G,SEM,BR,BR,BR,NEW JERSEY,BRAND+TIRES
"February 22, 2026 - February 28, 2026",Mavis Discount Tire,685-916-8798,MAVIS_G_SEM_BR_NORTH CAROLINAS_BRAND+TIRES,MAVIS - North Carolinas 2 - Maximize Conversions - Brand,USD,309.68,797,0.779,0.0112,0.2097,255,0.6199,63,72.44,4.28,0,0,0,3,0,0,0,0,21.42,0,0,1023,11.4576,214.5231,3,21.42,66,21,87,3.5,MAVIS,G,SEM,BR,BR,0,NORTH CAROLINA,BRAND+TIRES
"February 22, 2026 - February 28, 2026",Mavis Discount Tire,685-916-8798,MAVIS_G_SEM_CP_ILLINOIS_FIRESTONE,MAVIS - Illinois 2 - Maximize Conversions - Competitors,USD,115.58,793,0.2401,0,0.7599,61,0.1339,35,24,4.82,0,0,0,0,0,0,0,0,0,0,0,3303,0,2509.9497,0,0,35,0,35,3.75,MAVIS,G,SEM,CP,CP,CP,ILLINOIS,FIRESTONE
"February 22, 2026 - February 28, 2026",Mavis Discount Tire,685-916-8798,ADT_G_SEM_BR_NEW YORK_BRAND ONLY,ADT - New York - Maximize Conversions - Brand,USD,357.75,793,0.9187,0,0.0813,127,0.6615,35,32.83,10.9,0,0,0,0,0,0,0,0,7.5,0,0,863,0,70.1619,0,7.5,35,8,43,7.5,ADT,G,SEM,BR,BR,0,NEW YORK,BRAND ONLY
"February 22, 2026 - February 28, 2026",Mavis Discount Tire,685-916-8798,MAVIS_G_SEM_CP_NEW JERSEY_FIRESTONE,MAVIS - New Jersey 2 - Maximize Conversions - Competitors,USD,72.55,767,0.2277,0.1944,0.5779,45,0.05,20,19.5,3.72,0,0,0,0,0,0,0,0,0,0,0,3368,654.7392,1946.3672,0,0,20,0,20,2.75,MAVIS,G,SEM,CP,CP,CP,NEW JERSEY,FIRESTONE
"February 22, 2026 - February 28, 2026",Mavis Discount Tire,685-916-8798,JWT_G_SEM_BR_PENNSYLVANIA_GENERAL_EX,JWT - Pennsylvania - Maximize Conversions (tCPA) - Brand - Exact,USD,672.7,736,0.9289,0,0.0711,218,0.6682,98,110.63,6.08,0,0,0,1,0,0,0,0,21,0,0,792,0,56.3112,1,21,99,21,120,5.5,JWT,G,SEM,BR,BR,BR,PENNSYLVANIA,GENERAL
"February 22, 2026 - February 28, 2026",Mavis Discount Tire,685-916-8798,ADT_G_SEM_CP_NEW YORK_GOODYEAR,ADT - New York - Maximize Conversions - Competitors,USD,145.21,731,0.5637,0,0.4363,46,0.347,11,13.31,10.91,0,0,0,0,0,0,0,0,2,0,0,1297,0,565.8811000000001,0,2,11,2,13,10.84,ADT,G,SEM,CP,CP,0,NEW YORK,GOODYEAR
"February 22, 2026 - February 28, 2026",Mavis Discount Tire,685-916-8798,MAVIS_G_SEM_BR_ILLINOIS_BRAND+SERVICES,MAVIS - Illinois 2 - Maximize Conversions - Brand,USD,248.39,701,0.8926,0,0.1074,160,0.6433,38,45.17,5.5,0,0,0,0.5,0,0,0,0,9.82,0,0,785,0,84.309,0.5,9.82,39,10,48,4,MAVIS,G,SEM,BR,BR,BR,ILLINOIS,BRAND+SERVICES
"February 22, 2026 - February 28, 2026",Mavis Discount Tire,685-916-8798,ADT_G_SEM_BR_NEW YORK_BRAND+,ADT - New York - Maximize Conversions - Brand,USD,808.54,695,0.9661,0,0.0339,244,0.671,113,117.32,6.89,0,0,0,1,0,0,0,0,10.5,0,0,719,0,24.3741,1,10.5,114,11,125,7.5,ADT,G,SEM,BR,BR,0,NEW YORK,BRAND+
"February 22, 2026 - February 28, 2026",Mavis Discount Tire,685-916-8798,MAVIS_G_SEM_NB TIRES_ILLINOIS_WINTER TIRES,MAVIS - Illinois 2 - Maximize Conversions - Non-brand - Tires,USD,34.83,675,0.1151,0,0.8849,21,0.05,2,6.99,4.98,0,0,0,0,0,0,0,0,2,0,0,5864,0,5189.0536,0,2,2,2,4,4,MAVIS,G,SEM,NB TIRES,NB TIRES,WINTER TIRES,ILLINOIS,TIRES
"February 22, 2026 - February 28, 2026",Mavis Discount Tire,685-916-8798,MAVIS_G_SEM_BR_NEW YORK - WEST CENTRAL_BRAND+SERVICES,MAVIS - New York - West Central - Maximize Conversions - Brand,USD,233.97,673,0.6798,0.1839,0.1363,147,0.4911,5,32.92,7.11,0,0,0,0,0,0,0,0,24.33,0,0,990,182.061,134.937,0,24.33,5,24,29,4.5,MAVIS,G,SEM,BR,BR,BR,NEW YORK - WEST CENTRAL,BRAND+SERVICES
"February 22, 2026 - February 28, 2026",Mavis Discount Tire,685-916-8798,MAVIS_G_SEM_BR_TEXAS_BRAND+SERVICES,MAVIS - TEXAS - Maximize Conversions - Brand,USD,258.73,673,0.8756,0,0.1244,153,0.6235,47,48.73,5.31,0,0,0,5.5,0,0,0,0,12.49,0,0,769,0,95.6636,5.5,12.49,53,12,65,4.3,0,0,0,0,0,0,0,0
"February 22, 2026 - February 28, 2026",Mavis Discount Tire,685-916-8798,MAVIS_G_SEM_CP_FLORIDA_FIRESTONE,MAVIS - Florida 2 - Maximize Conversions - Competitors,USD,23.3,669,0.1389,0,0.8611,18,0.05,4,4,5.82,0,0,0,1,0,0,0,0,0,0,0,4816,0,4147.0576,1,0,5,0,5,2.76,MAVIS,G,SEM,CP,CP,CP,FLORIDA,FIRESTONE
"February 22, 2026 - February 28, 2026",Mavis Discount Tire,685-916-8798,MAVIS_G_SEM_NB RTG_NATIONAL_RTG, --,USD,277.89,653,0.621,0,0.379,52,0.5547,0,4,69.47,0,0,0,1,0,0,0,0,3,0,0,1052,0,398.708,1,3,1,3,4,,#N/A,#N/A,#N/A,#N/A,#N/A,#N/A,#N/A,#N/A
"February 22, 2026 - February 28, 2026",Mavis Discount Tire,685-916-8798,MAVIS_G_SEM_BR_ALABAMA_BRAND+SERVICES,MAVIS - Alabama - Maximize Conversions - Brand,USD,208.53,651,0.8295,0,0.1705,159,0.5563,48,53.64,3.89,0,0,0,1,0,0,0,0,12.33,0,0,785,0,133.8425,1,12.33,49,12,61,3,MAVIS,G,SEM,BR,BR,0,ALABAMA,BRAND+SERVICES
"February 22, 2026 - February 28, 2026",Mavis Discount Tire,685-916-8798,MAVIS_G_SEM_NS 2290_GULF STATES,MAVIS - GULF STATES - Maximize Conversions - Non-Brand - New Stores,USD,52.73,600,0.1709,0,0.8291,23,0.2079,2,2,26.36,0,0,0,0,0,0,0,0,0,0,0,3511,0,2910.9701,0,0,2,0,2,7.85,0,0,0,0,0,0,0,0
"February 22, 2026 - February 28, 2026",Mavis Discount Tire,685-916-8798,MAVIS_G_SEM_NS 2276_GULF STATES,MAVIS - GULF STATES - Maximize Conversions - Non-Brand - New Stores,USD,94.2,600,0.2097,0,0.7903,31,0.2313,5,7.58,12.42,0,0,0,0,0,0,0,0,1.25,0,0,2861,0,2261.0483,0,1.25,5,1,6,7.85,0,0,0,0,0,0,0,0
"February 22, 2026 - February 28, 2026",Mavis Discount Tire,685-916-8798,MAVIS_G_SEM_NS 2284_GEORGIA,MAVIS - Georgia - Maximize Conversions - Non-Brand - New Stores,USD,170.42,591,0.4846,0,0.5154,47,0.4466,22,20.51,8.31,0,0,0,0,0,0,0,0,0,0,0,1220,0,628.788,0,0,22,0,22,7.5,0,0,0,0,0,0,0,0
"February 22, 2026 - February 28, 2026",Mavis Discount Tire,685-916-8798,MAVIS_G_SEM_CP_NEW YORK - LONG ISLAND_DISCOUNT TIRE,MAVIS - New York - Long Island 2 - Maximize Conversions - Competitors,USD,83.81,572,0.6137,0,0.3863,39,0.4637,10,15.5,5.41,0,0,0,0,0,0,0,0,1,0,0,932,0,360.03159999999997,0,1,10,1,11,5.74,MAVIS,G,SEM,CP,CP,CP,NEW YORK - LONG ISLAND,DISCOUNT TIRE
"February 22, 2026 - February 28, 2026",Mavis Discount Tire,685-916-8798,MAVIS_G_SEM_CP_NEW YORK - NYC BOROUGHS_DISCOUNT TIRE,MAVIS - New York - NYC Boroughs 2 - Maximize Conversions - Competitors,USD,18.63,548,0.2017,0,0.7983,24,0.242,0,7,2.66,0,0,0,0,0,0,0,0,2,0,0,2717,0,2168.9811,0,2,0,2,2,2,MAVIS,G,SEM,CP,CP,CP,NEW YORK - NYC BOROUGHS,DISCOUNT TIRE
"February 22, 2026 - February 28, 2026",Mavis Discount Tire,685-916-8798,MAVIS_G_SEM_CP_NEW YORK - LONG ISLAND_GOODYEAR,MAVIS - New York - Long Island 2 - Maximize Conversions - Competitors,USD,113.07,472,0.6049,0,0.3951,45,0.3665,23,17.66,6.4,0,0,0,0,0,0,0,0,1,0,0,780,0,308.178,0,1,23,1,24,5.74,MAVIS,G,SEM,CP,CP,CP,NEW YORK - LONG ISLAND,GOODYEAR
"February 22, 2026 - February 28, 2026",Mavis Discount Tire,685-916-8798,MAVIS_G_SEM_CP_GULF STATES_GOODYEAR,MAVIS - Gulf States - Maximize Conversions - Competitors,USD,76.81,471,0.472,0,0.528,38,0.2483,15,14,5.49,0,0,0,0,0,0,0,0,0.25,0,0,998,0,526.9440000000001,0,0.25,15,0,15,5,MAVIS,G,SEM,CP,CP,CP,GULF STATES,GOODYEAR
"February 22, 2026 - February 28, 2026",Mavis Discount Tire,685-916-8798,MAVIS_G_SEM_CP_NEW YORK - LONG ISLAND_FIRESTONE,MAVIS - New York - Long Island 2 - Maximize Conversions - Competitors,USD,162.3,459,0.4984,0.0348,0.4668,55,0.3015,33,29.99,5.41,0,0,0,0,0,0,0,0,0,0,0,921,32.050799999999995,429.9228,0,0,33,0,33,5.74,MAVIS,G,SEM,CP,CP,CP,NEW YORK - LONG ISLAND,FIRESTONE
"February 22, 2026 - February 28, 2026",Mavis Discount Tire,685-916-8798,MAVIS_G_SEM_CP_MASSACHUSETTS_FIRESTONE,MAVIS - Massachusetts 2 - Maximize Conversions - Competitors,USD,69.83,457,0.2305,0,0.7695,38,0.1149,17,15.5,4.51,0,0,0,0,0,0,0,0,0,0,0,1983,0,1525.9185,0,0,17,0,17,3.5,MAVIS,G,SEM,CP,CP,CP,MASSACHUSETTS,FIRESTONE
"February 22, 2026 - February 28, 2026",Mavis Discount Tire,685-916-8798,MAVIS_G_SEM_BR_SOUTH CAROLINAS_BRAND+TIRES,MAVIS - South Carolinas 2 - Maximize Conversions - Brand,USD,90.1,428,0.6706,0,0.3294,103,0.5865,9,13.5,6.67,0,0,0,0,0,0,0,0,3.5,0,0,638,0,210.15720000000002,0,3.5,9,4,13,3.5,MAVIS,G,SEM,BR,BR,0,SOUTH CAROLINA,BRAND+TIRES
"February 22, 2026 - February 28, 2026",Mavis Discount Tire,685-916-8798,MAVIS_G_SEM_CP_GEORGIA_GOODYEAR,MAVIS - Georgia 2 - Maximize Conversions - Competitors,USD,82.94,417,0.5098,0,0.4902,43,0.2411,16,13.83,6,0,0,0,1,0,0,0,0,0,0,0,818,0,400.9836,1,0,17,0,17,4,MAVIS,G,SEM,CP,CP,CP,GEORGIA,GOODYEAR
"February 22, 2026 - February 28, 2026",Mavis Discount Tire,685-916-8798,MAVIS_G_SEM_NS 2213_FLORIDA,MAVIS - FLORIDA - Maximize Conversions - Non-Brand - New Stores,USD,102.68,395,0.4392,0,0.5608,39,0.4018,9,11.5,8.93,0,0,0,0,0,0,0,0,1,0,0,899,0,504.15919999999994,0,1,9,1,10,6,0,0,0,0,0,0,0,0
"February 22, 2026 - February 28, 2026",Mavis Discount Tire,685-916-8798,TUF_G_SEM_BR_NATIONAL_BRAND ONLY,TUF 2 - National - Maximize Conversions - Brand,USD,275.05,388,0.5953,0.1713,0.2334,119,0.5285,68,64.82,4.24,0,0,0,1,0,0,0,0,3,0,0,652,111.6876,152.1768,1,3,69,3,72,3.5,TUF,G,SEM,BR,BR,BR,NATIONAL,BRAND ONLY
"February 22, 2026 - February 28, 2026",Mavis Discount Tire,685-916-8798,MAVIS_G_SEM_NS 2281_NORTH CAROLINAS,MAVIS - NORTH CAROLINA - Maximize Conversions - Non-Brand - New Stores,USD,159.33,375,0.4522,0,0.5478,49,0.5092,19,21.17,7.53,0,0,0,1,0,0,0,0,3,0,0,829,0,454.1262,1,3,20,3,23,7.66,0,0,0,0,0,0,0,0
"February 22, 2026 - February 28, 2026",Mavis Discount Tire,685-916-8798,MAVIS_G_SEM_CP_SOUTH CAROLINAS_FIRESTONE,MAVIS - South Carolinas 2 - Maximize Conversions - Competitors,USD,57.99,361,0.316,0,0.684,28,0.1669,15,12,4.83,0,0,0,0,0,0,0,0,1,0,0,1142,0,781.128,0,1,15,1,16,3.3,MAVIS,G,SEM,CP,CP,0,SOUTH CAROLINA,FIRESTONE
"February 22, 2026 - February 28, 2026",Mavis Discount Tire,685-916-8798,ADT_G_SEM_CP_NEW YORK_FIRESTONE,ADT - New York - Maximize Conversions - Competitors,USD,71.12,302,0.4988,0,0.5012,20,0.288,4,3.83,18.56,0,0,0,0,0,0,0,0,0,0,0,605,0,303.226,0,0,4,0,4,10.84,ADT,G,SEM,CP,CP,0,NEW YORK,FIRESTONE
"February 22, 2026 - February 28, 2026",Mavis Discount Tire,685-916-8798,MELVIN_G_SEM_BR_RHODE ISLAND_BRAND+,MELVIN 2 - Rhode Island Maximize Conversions - Brand,USD,283.47,301,0.9263,0,0.0737,103,0.6697,57,65.68,4.32,0,0,0,2,0,0,0,0,7.5,0,0,325,0,23.9525,2,7.5,59,8,67,4.5,MELVIN,G,SEM,BR,BR,BR,RHODE ISLAND,BRAND+
"February 22, 2026 - February 28, 2026",Mavis Discount Tire,685-916-8798,JWT_G_SEM_BR_PENNSYLVANIA_SERVICES_PH,JWT - Pennsylvania - Maximize Conversions (tCPA) - Brand - Phrase,USD,393.02,275,0.9614,0,0.0386,104,0.653,55,57.5,6.84,0,0,0,0,0,0,0,0,6.17,0,0,286,0,11.0396,0,6.17,55,6,61,6.75,JWT,G,SEM,BR,BR,BR,PENNSYLVANIA,SERVICES
"February 22, 2026 - February 28, 2026",Mavis Discount Tire,685-916-8798,MAVIS_G_SEM_BR_TEXAS_BRAND+TIRES,MAVIS - TEXAS - Maximize Conversions - Brand,USD,117.9,264,0.6269,0,0.3731,77,0.6004,12,13.66,8.63,0,0,0,0,0,0,0,0,3,0,0,421,0,157.0751,0,3,12,3,15,4.3,0,0,0,0,0,0,0,0
"February 22, 2026 - February 28, 2026",Mavis Discount Tire,685-916-8798,AGT_G_SEM_BR_FLORIDA_BRAND ONLY,AGT 2 - Florida - Maximize Conversions - Brand,USD,209.93,255,0.572,0.3786,0.0494,66,0.3922,28,28.99,7.24,0,0,0,0,0,0,0,0,2,0,0,446,168.8556,22.0324,0,2,28,2,30,5.79,AGT,G,SEM,BR,BR,BR,FLORIDA,BRAND ONLY
"February 22, 2026 - February 28, 2026",Mavis Discount Tire,685-916-8798,MAVIS_G_SEM_NS 2199_FLORIDA,MAVIS - FLORIDA - Maximize Conversions - Non-Brand - New Stores,USD,19.69,254,0.3739,0,0.6261,9,0.304,0,1,19.69,0,0,0,0,0,0,0,0,0,0,0,679,0,425.1219,0,0,0,0,0,6,0,0,0,0,0,0,0,0
"February 22, 2026 - February 28, 2026",Mavis Discount Tire,685-916-8798,MAVIS_G_SEM_CP_FLORIDA_GOODYEAR,MAVIS - Florida 2 - Maximize Conversions - Competitors,USD,27.9,247,0.2324,0,0.7676,20,0.05,7,10.07,2.77,0,0,0,1,0,0,0,0,0,0,0,1063,0,815.9588,1,0,8,0,8,2.76,MAVIS,G,SEM,CP,CP,CP,FLORIDA,GOODYEAR
"February 22, 2026 - February 28, 2026",Mavis Discount Tire,685-916-8798,MAVIS_G_SEM_BR_NEW YORK - NYC BOROUGHS_BRAND+TIRES,MAVIS - New York - NYC Boroughs 2 - Maximize Conversions - Brand,USD,39.59,243,0.8101,0,0.1899,46,0.6323,2,3,13.21,0,0,0,0,0,0,0,0,1,0,0,300,0,56.970000000000006,0,1,2,1,3,2.5,MAVIS,G,SEM,BR,BR,BR,NEW YORK - NYC BOROUGHS,BRAND+TIRES
"February 22, 2026 - February 28, 2026",Mavis Discount Tire,685-916-8798,MAVIS_G_SEM_CP_MASSACHUSETTS_DISCOUNT TIRE,MAVIS - Massachusetts 2 - Maximize Conversions - Competitors,USD,20.37,240,0.2679,0,0.7321,13,0.2273,1,7.33,2.78,0,0,0,0,0,0,0,0,0,0,0,896,0,655.9616,0,0,1,0,1,3.5,MAVIS,G,SEM,CP,CP,CP,MASSACHUSETTS,DISCOUNT TIRE
"February 22, 2026 - February 28, 2026",Mavis Discount Tire,685-916-8798,MAVIS_G_SEM_BR_ALABAMA_BRAND+TIRES,MAVIS - Alabama - Maximize Conversions - Brand,USD,73.34,236,0.7259,0,0.2741,62,0.5921,26,28.67,2.56,0,0,0,1.5,0,0,0,0,2,0,0,325,0,89.08250000000001,1.5,2,28,2,30,3,MAVIS,G,SEM,BR,BR,0,ALABAMA,BRAND+TIRES
"February 22, 2026 - February 28, 2026",Mavis Discount Tire,685-916-8798,ADT_G_SEM_CP_NEW YORK_DISCOUNT TIRE,ADT - New York - Maximize Conversions - Competitors,USD,34.52,234,0.5275,0,0.4725,11,0.4529,0,3.33,10.36,0,0,0,0,0,0,0,0,0,0,0,444,0,209.79,0,0,0,0,0,10.84,ADT,G,SEM,CP,CP,0,NEW YORK,DISCOUNT TIRE
"February 22, 2026 - February 28, 2026",Mavis Discount Tire,685-916-8798,MAVIS_G_SEM_CP_NEW YORK - HUDSON VALLEY_DISCOUNT TIRE,MAVIS - New York - Hudson Valley - Maximize Conversions - Competitors,USD,18.5,220,0.4237,0,0.5763,14,0.336,3,5.33,3.47,0,0,0,0,0,0,0,0,0,0,0,519,0,299.09970000000004,0,0,3,0,3,2.8,MAVIS,G,SEM,CP,CP,CP,NEW YORK - HUDSON VALLEY,DISCOUNT TIRE
"February 22, 2026 - February 28, 2026",Mavis Discount Tire,685-916-8798,MAVIS_G_SEM_BR_ILLINOIS_BRAND+TIRES,MAVIS - Illinois 2 - Maximize Conversions - Brand,USD,64.86,214,0.7792,0,0.2208,51,0.6242,11,15.53,4.18,0,0,0,0,0,0,0,0,5,0,0,275,0,60.72,0,5,11,5,16,4,MAVIS,G,SEM,BR,BR,BR,ILLINOIS,BRAND+TIRES
"February 22, 2026 - February 28, 2026",Mavis Discount Tire,685-916-8798,JWT_G_SEM_BR_PENNSYLVANIA_GENERAL_PH,JWT - Pennsylvania - Maximize Conversions (tCPA) - Brand - Phrase,USD,175.87,210,0.872,0,0.128,54,0.6706,20,15.4,11.42,0,0,0,0,0,0,0,0,1.67,0,0,241,0,30.848,0,1.67,20,2,22,6.75,JWT,G,SEM,BR,BR,BR,PENNSYLVANIA,GENERAL
"February 22, 2026 - February 28, 2026",Mavis Discount Tire,685-916-8798,MAVIS_G_SEM_CP_NEW YORK - WEST CENTRAL_GOODYEAR,MAVIS - New York - West Central - Maximize Conversions - Competitors,USD,7.23,176,0.2766,0.004,0.7194,5,0.1011,1,2,3.61,0,0,0,0,0,0,0,0,0,0,0,636,2.544,457.5384,0,0,1,0,1,2.8,MAVIS,G,SEM,CP,CP,CP,NEW YORK - WEST CENTRAL,GOODYEAR
"February 22, 2026 - February 28, 2026",Mavis Discount Tire,685-916-8798,MAVIS_G_SEM_CP_TEXAS_GOODYEAR,MAVIS - TEXAS - Maximize Conversions - Competitors,USD,32.68,175,0.498,0,0.502,12,0.325,2,2,16.34,0,0,0,0,0,0,0,0,0,0,0,351,0,176.202,0,0,2,0,2,4.5,0,0,0,0,0,0,0,0
"February 22, 2026 - February 28, 2026",Mavis Discount Tire,685-916-8798,MAVIS_G_SEM_BR_GULF STATES_BRAND+SERVICES,MAVIS - Gulf States - Maximize Conversions - Brand,USD,39.29,170,0.7887,0,0.2113,38,0.5442,14,16.31,2.41,0,0,0,1,0,0,0,0,3.4,0,0,216,0,45.6408,1,3.4,15,3,18,2.25,MAVIS,G,SEM,BR,BR,BR,GULF STATES,BRAND+SERVICES
"February 22, 2026 - February 28, 2026",Mavis Discount Tire,685-916-8798,MAVIS_G_SEM_NB TIRES_MASSACHUSETTS_WINTER TIRES,MAVIS - Massachusetts 2 - Maximize Conversions - Non-Brand - Tires,USD,11.69,167,0.05,0,0.95,9,0.05,0,2.5,4.68,0,0,0,1,0,0,0,0,0,0,0,3340,0,3173,1,0,1,0,1,2.5,MAVIS,G,SEM,NB TIRES,NB TIRES,WINTER TIRES,MASSACHUSETTS,TIRES
"February 22, 2026 - February 28, 2026",Mavis Discount Tire,685-916-8798,TUF_G_SEM_CP_NATIONAL_FIRESTONE,TUF 2 - National - Maximize Conversions - Competitors,USD,4.78,157,0.1152,0,0.8848,3,0.05,0,0,0,0,0,0,0,0,0,0,0,0,0,0,1363,0,1205.9824,0,0,0,0,0,4,TUF,G,SEM,CP,CP,CP,NATIONAL,FIRESTONE
"February 22, 2026 - February 28, 2026",Mavis Discount Tire,685-916-8798,TUF_G_SEM_BR_NATIONAL_BRAND+,TUF 2 - National - Maximize Conversions - Brand,USD,99.97,154,0.7926,0,0.2074,46,0.6333,23,18.33,5.45,0,0,0,1,0,0,0,0,1,0,0,194,0,40.2356,1,1,24,1,25,3.5,TUF,G,SEM,BR,BR,BR,NATIONAL,BRAND+
"February 22, 2026 - February 28, 2026",Mavis Discount Tire,685-916-8798,MAVIS_G_SEM_CP_PENNSYLVANIA_GOODYEAR,MAVIS - Pennsylvania 2 - Maximize Conversions - Competitors,USD,5.3,150,0.3978,0,0.6022,5,0.1674,1,1,5.3,0,0,0,0,0,0,0,0,0,0,0,377,0,227.02939999999998,0,0,1,0,1,3,MAVIS,G,SEM,CP,CP,CP,PENNSYLVANIA,GOODYEAR
"February 22, 2026 - February 28, 2026",Mavis Discount Tire,685-916-8798,MAVIS_G_SEM_CP_ALABAMA_GOODYEAR,MAVIS - Alabama - Maximize Conversions - Competitors,USD,29.73,147,0.5755,0,0.4245,13,0.2709,4,4,7.43,0,0,0,0,0,0,0,0,0,0,0,255,0,108.2475,0,0,4,0,4,5,MAVIS,G,SEM,CP,CP,0,ALABAMA,GOODYEAR
"February 22, 2026 - February 28, 2026",Mavis Discount Tire,685-916-8798,MAVIS_G_SEM_CP_NEW YORK - WEST CENTRAL_FIRESTONE,MAVIS - New York - West Central - Maximize Conversions - Competitors,USD,18.74,145,0.3165,0,0.6835,11,0.1821,3,1.99,9.42,0,0,0,0,0,0,0,0,0,0,0,458,0,313.043,0,0,3,0,3,2.8,MAVIS,G,SEM,CP,CP,CP,NEW YORK - WEST CENTRAL,FIRESTONE
"February 22, 2026 - February 28, 2026",Mavis Discount Tire,685-916-8798,MAVIS_G_SEM_BR_MASSACHUSETTS_BRAND+SERVICES,MAVIS - Massachusetts 2 - Maximize Conversions - Brand,USD,42.72,125,0.8087,0,0.1913,37,0.569,19,21,2.03,0,0,0,0,0,0,0,0,4.5,0,0,155,0,29.6515,0,4.5,19,5,24,2.5,MAVIS,G,SEM,BR,BR,BR,MASSACHUSETTS,BRAND+SERVICES
"February 22, 2026 - February 28, 2026",Mavis Discount Tire,685-916-8798,MAVIS_G_SEM_BR_NEW YORK - NYC BOROUGHS_BRAND+SERVICES,MAVIS - New York - NYC Boroughs 2 - Maximize Conversions - Brand,USD,18.39,102,0.6981,0,0.3019,13,0.6393,2,3.5,5.25,0,0,0,0,0,0,0,0,1.5,0,0,146,0,44.0774,0,1.5,2,2,4,2.5,MAVIS,G,SEM,BR,BR,BR,NEW YORK - NYC BOROUGHS,BRAND+SERVICES
"February 22, 2026 - February 28, 2026",Mavis Discount Tire,685-916-8798,AGT_G_SEM_BR_FLORIDA_BRAND+,AGT 2 - Florida - Maximize Conversions - Brand,USD,116.48,99,0.5093,0.4722,0.0185,36,0.3464,4,9.66,12.06,0,0,0,0,0,0,0,0,4.99,0,0,194,91.6068,3.589,0,4.99,4,5,9,5.79,AGT,G,SEM,BR,BR,BR,FLORIDA,BRAND+
"February 22, 2026 - February 28, 2026",Mavis Discount Tire,685-916-8798,MAVIS_G_SEM_CP_NEW JERSEY_GOODYEAR,MAVIS - New Jersey 2 - Maximize Conversions - Competitors,USD,2.57,96,0.4084,0,0.5916,1,0.1522,0,0,0,0,0,0,0,0,0,0,0,0,0,0,235,0,139.026,0,0,0,0,0,2.75,MAVIS,G,SEM,CP,CP,CP,NEW JERSEY,GOODYEAR
"February 22, 2026 - February 28, 2026",Mavis Discount Tire,685-916-8798,MAVIS_G_SEM_CP_NEW YORK - NYC BOROUGHS_FIRESTONE,MAVIS - New York - NYC Boroughs 2 - Maximize Conversions - Competitors,USD,4.69,95,0.1768,0,0.8232,3,0.1116,1,2,2.35,0,0,0,0,0,0,0,0,0,0,0,537,0,442.0584,0,0,1,0,1,2,MAVIS,G,SEM,CP,CP,CP,NEW YORK - NYC BOROUGHS,FIRESTONE
"February 22, 2026 - February 28, 2026",Mavis Discount Tire,685-916-8798,MAVIS_G_SEM_CP_ILLINOIS_GOODYEAR,MAVIS - Illinois 2 - Maximize Conversions - Competitors,USD,11.08,83,0.3109,0,0.6891,9,0.1496,1,1,11.1,0,0,0,0,0,0,0,0,0,0,0,267,0,183.9897,0,0,1,0,1,3.75,MAVIS,G,SEM,CP,CP,CP,ILLINOIS,GOODYEAR
"February 22, 2026 - February 28, 2026",Mavis Discount Tire,685-916-8798,MAVIS_G_SEM_CP_NEW YORK - HUDSON VALLEY_GOODYEAR,MAVIS - New York - Hudson Valley - Maximize Conversions - Competitors,USD,10.34,82,0.5965,0,0.4035,5,0.2624,6,6,1.72,0,0,0,0,0,0,0,0,0,0,0,137,0,55.279500000000006,0,0,6,0,6,2.8,MAVIS,G,SEM,CP,CP,CP,NEW YORK - HUDSON VALLEY,GOODYEAR
"February 22, 2026 - February 28, 2026",Mavis Discount Tire,685-916-8798,MAVIS_G_SEM_CP_NORTH CAROLINAS_GOODYEAR,MAVIS - North Carolinas 2 - Maximize Conversions - Competitors,USD,11.22,80,0.3776,0,0.6224,8,0.1873,1,1,11.22,0,0,0,0,0,0,0,0,0,0,0,212,0,131.94879999999998,0,0,1,0,1,3.61,MAVIS,G,SEM,CP,CP,0,NORTH CAROLINA,GOODYEAR
"February 22, 2026 - February 28, 2026",Mavis Discount Tire,685-916-8798,MAVIS_G_SEM_CP_NEW JERSEY_DISCOUNT TIRE,MAVIS - New Jersey 2 - Maximize Conversions - Competitors,USD,7.74,77,0.4851,0,0.5149,5,0.3881,3,2.5,3.1,0,0,0,0,0,0,0,0,0.25,0,0,159,0,81.8691,0,0.25,3,0,3,2.75,MAVIS,G,SEM,CP,CP,CP,NEW JERSEY,DISCOUNT TIRE
"February 22, 2026 - February 28, 2026",Mavis Discount Tire,685-916-8798,MAVIS_G_SEM_CP_NEW YORK - HUDSON VALLEY_FIRESTONE,MAVIS - New York - Hudson Valley - Maximize Conversions - Competitors,USD,4.66,75,0.3143,0,0.6857,2,0.1212,4,3,1.55,0,0,0,0,0,0,0,0,0,0,0,239,0,163.8823,0,0,4,0,4,2.8,MAVIS,G,SEM,CP,CP,CP,NEW YORK - HUDSON VALLEY,FIRESTONE
"February 22, 2026 - February 28, 2026",Mavis Discount Tire,685-916-8798,MAVIS_G_SEM_CP_SOUTH CAROLINAS_GOODYEAR,MAVIS - South Carolinas 2 - Maximize Conversions - Competitors,USD,9.19,75,0.4,0,0.6,7,0.1766,1,1.53,5.99,0,0,0,0,0,0,0,0,0,0,0,188,0,112.8,0,0,1,0,1,3.3,MAVIS,G,SEM,CP,CP,0,SOUTH CAROLINA,GOODYEAR
"February 22, 2026 - February 28, 2026",Mavis Discount Tire,685-916-8798,MAVIS_G_SEM_CP_PENNSYLVANIA_DISCOUNT TIRE,MAVIS - Pennsylvania 2 - Maximize Conversions - Competitors,USD,11.59,73,0.6522,0,0.3478,9,0.4445,2,3.83,3.02,0,0,0,0,0,0,0,0,0,0,0,112,0,38.9536,0,0,2,0,2,3,MAVIS,G,SEM,CP,CP,CP,PENNSYLVANIA,DISCOUNT TIRE
"February 22, 2026 - February 28, 2026",Mavis Discount Tire,685-916-8798,MAVIS_G_SEM_CP_MASSACHUSETTS_GOODYEAR,MAVIS - Massachusetts 2 - Maximize Conversions - Competitors,USD,1.63,69,0.29,0,0.71,2,0.05,0,0.5,3.26,0,0,0,0,0,0,0,0,0,0,0,238,0,168.98,0,0,0,0,0,3.5,MAVIS,G,SEM,CP,CP,CP,MASSACHUSETTS,GOODYEAR
"February 22, 2026 - February 28, 2026",Mavis Discount Tire,685-916-8798,JWT_G_SEM_BR_PENNSYLVANIA_NEAR ME_EX,JWT - Pennsylvania - Maximize Conversions (tCPA) - Brand - Exact,USD,42.03,64,0.7674,0.186,0.0465,14,0.541,8,7.33,5.73,0,0,0,0,0,0,0,0,0,0,0,83,15.438,3.8595,0,0,8,0,8,5.5,JWT,G,SEM,BR,BR,BR,PENNSYLVANIA,NEAR ME
"February 22, 2026 - February 28, 2026",Mavis Discount Tire,685-916-8798,JWT_G_SEM_TM_PENNSYLVANIA_CORE_PH,JWT - Pennsylvania - Maximize Conversions (tCPA) - Trademark - Phrase,USD,35.62,58,0.9231,0,0.0769,15,0.5921,3,5.33,6.68,0,0,0,0,0,0,0,0,1.5,0,0,63,0,4.8447,0,1.5,3,2,5,6.25,JWT,G,SEM,BR,BR,BR,PENNSYLVANIA,CORE
"February 22, 2026 - February 28, 2026",Mavis Discount Tire,685-916-8798,MAVIS_G_SEM_CP_NEW YORK - WEST CENTRAL_DISCOUNT TIRE,MAVIS - New York - West Central - Maximize Conversions - Competitors,USD,5.32,48,0.2361,0,0.7639,6,0.3355,1,1,5.32,0,0,0,0,0,0,0,0,0,0,0,203,0,155.0717,0,0,1,0,1,2.8,MAVIS,G,SEM,CP,CP,CP,NEW YORK - WEST CENTRAL,DISCOUNT TIRE
"February 22, 2026 - February 28, 2026",Mavis Discount Tire,685-916-8798,JWT_G_SEM_BR_PENNSYLVANIA_NEAR ME_PH,JWT - Pennsylvania - Maximize Conversions (tCPA) - Brand - Phrase,USD,54.25,47,0.8684,0,0.1316,12,0.6364,5,7,7.75,0,0,0,1,0,0,0,0,1,0,0,54,0,7.1064,1,1,6,1,7,6.75,JWT,G,SEM,BR,BR,BR,PENNSYLVANIA,NEAR ME
"February 22, 2026 - February 28, 2026",Mavis Discount Tire,685-916-8798,MAVIS_G_SEM_BR_GULF STATES_BRAND+TIRES,MAVIS - Gulf States - Maximize Conversions - Brand,USD,1.59,30,0.4242,0,0.5758,7,0.6091,0,0,0,0,0,0,0,0,0,0,0,0,0,0,71,0,40.8818,0,0,0,0,0,2.25,MAVIS,G,SEM,BR,BR,BR,GULF STATES,BRAND+TIRES
"February 22, 2026 - February 28, 2026",Mavis Discount Tire,685-916-8798,TUF_G_SEM_CP_NATIONAL_GOODYEAR,TUF 2 - National - Maximize Conversions - Competitors,USD,0,30,0.1622,0.173,0.6649,0,0,0,0,0,0,0,0,0,0,0,0,0,0,0,0,185,32.004999999999995,123.0065,0,0,0,0,0,4,TUF,G,SEM,CP,CP,CP,NATIONAL,GOODYEAR
"February 22, 2026 - February 28, 2026",Mavis Discount Tire,685-916-8798,MAVIS_G_SEM_CP_NEW YORK - NYC BOROUGHS_GOODYEAR,MAVIS - New York - NYC Boroughs 2 - Maximize Conversions - Competitors,USD,0,21,0.2453,0,0.7547,0,0,0,0,0,0,0,0,0,0,0,0,0,0,0,0,86,0,64.9042,0,0,0,0,0,2,MAVIS,G,SEM,CP,CP,CP,NEW YORK - NYC BOROUGHS,GOODYEAR
"February 22, 2026 - February 28, 2026",Mavis Discount Tire,685-916-8798,MAVIS_G_SEM_BR_MASSACHUSETTS_BRAND+TIRES,MAVIS - Massachusetts 2 - Maximize Conversions - Brand,USD,0.36,9,0.6667,0,0.3333,1,0.3233,0,0,0,0,0,0,0,0,0,0,0,0,0,0,13,0,4.3328999999999995,0,0,0,0,0,2.5,MAVIS,G,SEM,BR,BR,BR,MASSACHUSETTS,BRAND+TIRES
"February 22, 2026 - February 28, 2026",Mavis Discount Tire,685-916-8798,JWT_G_SEM_BR_PENNSYLVANIA_SERVICES_EX,JWT - Pennsylvania - Maximize Conversions (tCPA) - Brand - Exact,USD,3.7,6,1,0,0,2,0.4734,0,1,3.7,0,0,0,0,0,0,0,0,1,0,0,6,0,0,0,1,0,1,1,5.5,JWT,G,SEM,BR,BR,BR,PENNSYLVANIA,SERVICES
"February 22, 2026 - February 28, 2026",Mavis Discount Tire,685-916-8798,JWT_G_SEM_BR_PENNSYLVANIA_JACK MOBILE_EX,JWT - Pennsylvania - Maximize Conversions (tCPA) - Brand - Exact,USD,0,3,0.5,0.3333,0.1667,0,0,0,0,0,0,0,0,0,0,0,0,0,0,0,0,6,1.9998,1.0002,0,0,0,0,0,5.5,JWT,G,SEM,BR,BR,BR,PENNSYLVANIA,JACK MOBILE
"February 22, 2026 - February 28, 2026",Mavis Discount Tire,685-916-8798,TUF_G_SEM_BR_NATIONAL_BRAND+SERVICES,TUF 2 - National - Maximize Conversions - Brand,USD,0,3,0.5,0.5,0,0,0,0,0,0,0,0,0,0,0,0,0,0,0,0,0,6,3,0,0,0,0,0,0,3.5,TUF,G,SEM,BR,BR,BR,NATIONAL,BR SERVICE
"February 22, 2026 - February 28, 2026",Mavis Discount Tire,685-916-8798,AGT_G_SEM_BR_FLORIDA_BRAND+TIRES,AGT 2 - Florida - Maximize Conversions - Brand,USD,1.14,2,1,0,0,1,0.6091,0,0,0,0,0,0,0,0,0,0,0,0,0,0,2,0,0,0,0,0,0,0,5.79,AGT,G,SEM,BR,BR,0,FLORIDA,BRAND+TIRES
,,,,,,,,,,,,,,,,,,,,,,,,,,,,,,,,,,,,,,,,,,,
,,,,,,,,,,,,,,,,,,,,,,,,,,,,,,,,,,,,,,,,,,,
,,,,,,,,,,,,,,,,,,,,,,,,,,,,,,,,,,,,,,,,,,,
,,,,,,,,,,,,,,,,,,,,,,,,,,,,,,,,,,,,,,,,,,,
,,,,,,,,,,,,,,,,,,,,,,,,,,,,,,,,,,,,,,,,,,,
,,,,,,,,,,,,,,,,,,,,,,,,,,,,,,,,,,,,,,,,,,,
,,,,,,,,,,,,,,,,,,,,,,,,,,,,,,,,,,,,,,,,,,,
,,,,,,,,,,,,,,,,,,,,,,,,,,,,,,,,,,,,,,,,,,,
,,,,,,,,,,,,,,,,,,,,,,,,,,,,,,,,,,,,,,,,,,,
,,,,,,,,,,,,,,,,,,,,,,,,,,,,,,,,,,,,,,,,,,,
,,,,,,,,,,,,,,,,,,,,,,,,,,,,,,,,,,,,,,,,,,,
,,,,,,,,,,,,,,,,,,,,,,,,,,,,,,,,,,,,,,,,,,,
,,,,,,,,,,,,,,,,,,,,,,,,,,,,,,,,,,,,,,,,,,,
,,,,,,,,,,,,,,,,,,,,,,,,,,,,,,,,,,,,,,,,,,,
,,,,,,,,,,,,,,,,,,,,,,,,,,,,,,,,,,,,,,,,,,,
,,,,,,,,,,,,,,,,,,,,,,,,,,,,,,,,,,,,,,,,,,,
,,,,,,,,,,,,,,,,,,,,,,,,,,,,,,,,,,,,,,,,,,,
,,,,,,,,,,,,,,,,,,,,,,,,,,,,,,,,,,,,,,,,,,,
,,,,,,,,,,,,,,,,,,,,,,,,,,,,,,,,,,,,,,,,,,,
,,,,,,,,,,,,,,,,,,,,,,,,,,,,,,,,,,,,,,,,,,,
,,,,,,,,,,,,,,,,,,,,,,,,,,,,,,,,,,,,,,,,,,,
,,,,,,,,,,,,,,,,,,,,,,,,,,,,,,,,,,,,,,,,,,,
